[
  {
    "bitrate": "128", 
    "id": "s25579", 
    "img": "http://s7.postimg.org/3tqjwoxh7/logo.png", 
    "label": "Najbolj objektivne in...", 
    "name": "ROCK RADIO MB 90.8 , LJ 103.3 (Rock Music)", 
    "url": "http://stream.rockradio.si"
  }, 
  {
    "bitrate": "128", 
    "id": "s106349", 
    "img": "http://d1i6vahw24eb07.cloudfront.net/s106349q.png", 
    "label": "Slovenian", 
    "name": "Alpski Val Radio 88.3 (Top 40/Pop)", 
    "url": "http://193.95.206.178:8000/alpskival"
  }, 
  {
    "bitrate": "32", 
    "id": "s25580", 
    "img": "http://d1i6vahw24eb07.cloudfront.net/s25580q.png", 
    "label": "Program Ars oblikujejo...", 
    "name": "Ars 96.5 (Culture)", 
    "url": "http://mp3.rtvslo.si/ars"
  }, 
  {
    "bitrate": "112", 
    "id": "s10160", 
    "img": "http://d1i6vahw24eb07.cloudfront.net/s10160q.png", 
    "label": "Slovenian", 
    "name": "Koroski Radio 97.2 (World Music)", 
    "url": "http://shoutcast.netsi.net:8300"
  }, 
  {
    "bitrate": "128", 
    "id": "s8674", 
    "img": "http://d1i6vahw24eb07.cloudfront.net/s8674q.png", 
    "label": "Z Veseljem Do Dobre Glasbe", 
    "name": "Moj Radio 107.0 (Top 40/Pop)", 
    "url": "http://www.mojradio.com/mojradio.m3u"
  }, 
  {
    "bitrate": "96", 
    "id": "s66865", 
    "img": "http://d1i6vahw24eb07.cloudfront.net/s66865q.png", 
    "label": "Pomurski Mad\u017earski Radio", 
    "name": "RTVSLO Muravid\u00e9ki Magyar R\u00e1di\u00f3 87.6 (Community)", 
    "url": "http://mp3.rtvslo.si/mmr"
  }, 
  {
    "bitrate": "128", 
    "id": "s9615", 
    "img": "http://d1i6vahw24eb07.cloudfront.net/s9615q.png", 
    "label": "Radio 1 - najbolj poslu\u0161an...", 
    "name": "Radio 1 89.7 (Euro Hits)", 
    "url": "mms://live3.infonetmedia.si/radio1"
  }, 
  {
    "bitrate": "16", 
    "id": "s9666", 
    "img": "http://d1i6vahw24eb07.cloudfront.net/s9666q.png", 
    "label": "Slovenian", 
    "name": "Radio 1 Bela krajina 89.5 (World Talk)", 
    "url": "http://live2.radio1.si/Radio1Odeon"
  }, 
  {
    "bitrate": "32", 
    "id": "s106387", 
    "img": "http://d1i6vahw24eb07.cloudfront.net/s106387q.png", 
    "label": "Slovenian", 
    "name": "Radio 1 Celje 90.3 (Hot AC)", 
    "url": "mms://live.radio1.si/Radio1CE"
  }, 
  {
    "bitrate": "32", 
    "id": "s176291", 
    "img": "http://d1i6vahw24eb07.cloudfront.net/s176291q.png", 
    "label": "Slovenian", 
    "name": "Radio 1 Dolenjska 88.9", 
    "url": "mms://live.radio1.si/Radio1NM"
  }, 
  {
    "bitrate": "32", 
    "id": "s176287", 
    "img": "http://d1i6vahw24eb07.cloudfront.net/s176287q.png", 
    "label": "Slovenian", 
    "name": "Radio 1 Koroska 105.0", 
    "url": "mms://live2.infonetmedia.si/radio1kor"
  }, 
  {
    "bitrate": "32", 
    "id": "s176292", 
    "img": "http://d1i6vahw24eb07.cloudfront.net/s176292q.png", 
    "label": "Slovenian", 
    "name": "Radio 1 Maribor 107.9", 
    "url": "mms://live.radio1.si/Radio1MB"
  }, 
  {
    "bitrate": "64", 
    "id": "s9658", 
    "img": "http://d1i6vahw24eb07.cloudfront.net/s9658q.png", 
    "label": "Radio ena je vseslovenski...", 
    "name": "Radio 1 Obala 93.4 (Hot AC)", 
    "url": "http://live.radio1.si/Radio1OBALA"
  }, 
  {
    "bitrate": "32", 
    "id": "s9387", 
    "img": "http://d1i6vahw24eb07.cloudfront.net/s9387q.png", 
    "label": "Radio 1 - najbolj poslu\u0161an...", 
    "name": "Radio 1 Prekmurje 102.1 (Electronic and Dance)", 
    "url": "http://live2.infonetmedia.si/radio1pr"
  }, 
  {
    "bitrate": "128", 
    "id": "s106535", 
    "img": "http://d1i6vahw24eb07.cloudfront.net/s106535q.png", 
    "label": "novo za Ptuj", 
    "name": "Radio 1 Ptuj 92.3 (Top 40/Pop)", 
    "url": "mms://live2.infonetmedia.si/radio1ptuj"
  }, 
  {
    "bitrate": "32", 
    "id": "s176288", 
    "img": "http://d1i6vahw24eb07.cloudfront.net/s176288q.png", 
    "label": "Slovenian", 
    "name": "Radio 1 Ribnica 89.8", 
    "url": "mms://live.radio1.si/Radio1Ribnica"
  }, 
  {
    "bitrate": "32", 
    "id": "s176290", 
    "img": "http://d1i6vahw24eb07.cloudfront.net/s176290q.png", 
    "label": "Slovenian", 
    "name": "Radio 1 Velenje 102.5", 
    "url": "mms://live.radio1.si/Radio1VE"
  }, 
  {
    "bitrate": "128", 
    "id": "s106545", 
    "img": "http://d1i6vahw24eb07.cloudfront.net/s106545q.png", 
    "label": "Slovenian", 
    "name": "Radio 1 Vrhnika 90.6 (News)", 
    "url": "http://live2.radio1.si/Radio1VR"
  }, 
  {
    "bitrate": "64", 
    "id": "s106362", 
    "img": "http://d1i6vahw24eb07.cloudfront.net/s106362q.png", 
    "label": "Od jutra do ve\u010dera vam ne damo mira", 
    "name": "Radio 94 98.2 (Variety)", 
    "url": "http://89.212.204.96:8000/hifi"
  }, 
  {
    "bitrate": "128", 
    "id": "s106417", 
    "img": "http://d1i6vahw24eb07.cloudfront.net/s106417q.png", 
    "label": "Radio narejen za va\u0161a u\u0161esa", 
    "name": "Radio Aktual 101.2 (Top 40/Pop)", 
    "url": "http://195.95.158.131:9040/"
  }, 
  {
    "bitrate": "96", 
    "id": "s6114", 
    "img": "http://d1i6vahw24eb07.cloudfront.net/s6114q.png", 
    "label": "Slovenian", 
    "name": "Radio Alfa 103.2 (World Music)", 
    "url": "http://77.234.148.23:9020/"
  }, 
  {
    "bitrate": "64", 
    "id": "s106523", 
    "img": "http://d1i6vahw24eb07.cloudfront.net/s106523q.png", 
    "label": "Slovenian", 
    "name": "Radio Antena 105.2 (Top 40/Pop)", 
    "url": "mms://live2.infonetmedia.si/Antena"
  }, 
  {
    "bitrate": "56", 
    "id": "s10248", 
    "img": "http://d1i6vahw24eb07.cloudfront.net/s10248q.png", 
    "label": "Smo lokalna radijska...", 
    "name": "Radio Antena 87.8 (Top 40/Pop)", 
    "url": "http://shoutcast.netsi.net:8250/"
  }, 
  {
    "bitrate": "32", 
    "id": "s18095", 
    "img": "http://d1i6vahw24eb07.cloudfront.net/s18095q.png", 
    "label": "Oltre I Confini Del Solito", 
    "name": "Radio Capodistria 97.7 (World Music)", 
    "url": "http://mp3.rtvslo.si/capo"
  }, 
  {
    "bitrate": "128", 
    "id": "s55140", 
    "img": "http://d1i6vahw24eb07.cloudfront.net/s55140q.png", 
    "label": "Slovenian", 
    "name": "Radio Capris 95.6 (Euro Hits)", 
    "url": "http://stream.simple-it.net:8000/live"
  }, 
  {
    "bitrate": "128", 
    "id": "s9586", 
    "img": "http://d1i6vahw24eb07.cloudfront.net/s9586q.png", 
    "label": "Jack Pot", 
    "name": "Radio Celje 95.1 (Top 40/Pop)", 
    "url": "http://89.142.196.111:9030/"
  }, 
  {
    "bitrate": "56", 
    "id": "s9916", 
    "img": "http://d1i6vahw24eb07.cloudfront.net/s9916q.png", 
    "label": "The Best Music Mix for Slovenia", 
    "name": "Radio Center 103.7 (Top 40/Pop)", 
    "url": "http://212.18.63.51:8050"
  }, 
  {
    "bitrate": "128", 
    "id": "s16011", 
    "img": "http://d1i6vahw24eb07.cloudfront.net/s16011q.png", 
    "label": "Slovenian", 
    "name": "Radio City 100.6 (Top 40/Pop)", 
    "url": "http://citycast.colo.triera.net:9000/radiocity.mp3"
  }, 
  {
    "bitrate": "128", 
    "id": "s25109", 
    "img": "http://d1i6vahw24eb07.cloudfront.net/s25109q.png", 
    "label": "Slovenian", 
    "name": "Radio Dur 103.3 (Country)", 
    "url": "http://ph.dur.si:80/dur"
  }, 
  {
    "bitrate": "128", 
    "id": "s9614", 
    "img": "http://d1i6vahw24eb07.cloudfront.net/s9614q.png", 
    "label": "veliko glasbe, manj govora (more music, less talking", 
    "name": "Radio Ekspres 106.4 (Classic Hits)", 
    "url": "http://93.103.13.156:8000/"
  }, 
  {
    "bitrate": "80", 
    "id": "s106505", 
    "img": "http://d1i6vahw24eb07.cloudfront.net/s106505q.png", 
    "label": "Slovenian", 
    "name": "Radio Europa 05 87.6 (European Music)", 
    "url": "http://radio.amadej.si:8020/"
  }, 
  {
    "bitrate": "128", 
    "id": "s8967", 
    "img": "http://d1i6vahw24eb07.cloudfront.net/s8967q.png", 
    "label": "Slovenian", 
    "name": "Radio Hit 95.6 (Top 40/Pop)", 
    "url": "http://live.radiohit.si:9560/"
  }, 
  {
    "bitrate": "32", 
    "id": "s18094", 
    "img": "http://d1i6vahw24eb07.cloudfront.net/s37098q.png", 
    "label": "Slovenian", 
    "name": "Radio Koper 96.4 (World Music)", 
    "url": "http://94.103.65.137:8000/rakp"
  }, 
  {
    "bitrate": "192", 
    "id": "s16015", 
    "img": "http://d1i6vahw24eb07.cloudfront.net/s16015q.png", 
    "label": "Slovenian", 
    "name": "Radio Krka 106.6 (Euro Hits)", 
    "url": "http://93.103.12.127:8000"
  }, 
  {
    "bitrate": "128", 
    "id": "s106458", 
    "img": "http://d1i6vahw24eb07.cloudfront.net/s106458q.png", 
    "label": "Slovenian", 
    "name": "Radio Kum 98.1 (Top 40/Pop)", 
    "url": "http://195.95.158.131:7010/"
  }, 
  {
    "bitrate": "64", 
    "id": "s25138", 
    "img": "http://d1i6vahw24eb07.cloudfront.net/s25138q.png", 
    "label": "Slovenian", 
    "name": "Radio Laser 105.2 (Adult Contemporary)", 
    "url": "http://shoutcast.netsi.net:8100/"
  }, 
  {
    "bitrate": "192", 
    "id": "s36090", 
    "img": "http://d1i6vahw24eb07.cloudfront.net/s36090q.png", 
    "label": "Regionalni radijski program", 
    "name": "Radio Maribor 93.1 (Top 40/Pop)", 
    "url": "http://mp3.rtvslo.si/rmb"
  }, 
  {
    "bitrate": "128", 
    "id": "s9303", 
    "img": "http://d1i6vahw24eb07.cloudfront.net/s9303q.png", 
    "label": "Mariborski radio \u0161tudent (MARS)", 
    "name": "Radio Mars 95.9 (Adult Contemporary)", 
    "url": "http://radio.pekarna.org:8000/radiomars"
  }, 
  {
    "bitrate": "128", 
    "id": "s106465", 
    "img": "http://d1i6vahw24eb07.cloudfront.net/s106465q.png", 
    "label": "Slovenian", 
    "name": "Radio Maxi 90.0 (Top 40/Pop)", 
    "url": "http://46.150.34.194:8010/"
  }, 
  {
    "bitrate": "32", 
    "id": "s10960", 
    "img": "http://d1i6vahw24eb07.cloudfront.net/s10960q.png", 
    "label": "Slovenian", 
    "name": "Radio Murski Val 94.6 (News)", 
    "url": "http://webradio.murskival.si:8000/listen.pls?sid=1"
  }, 
  {
    "bitrate": "112", 
    "id": "s106467", 
    "img": "http://d1i6vahw24eb07.cloudfront.net/s106467q.png", 
    "label": "PRIMORSKI VAL je prva...", 
    "name": "Radio Odmev 97.2 (Variety)", 
    "url": "http://odmev.radio-odmev.net:8000/hiq"
  }, 
  {
    "bitrate": "32", 
    "id": "s10601", 
    "img": "http://d1i6vahw24eb07.cloudfront.net/s10601q.png", 
    "label": "Slovenian", 
    "name": "Radio Ognjisce 104.5 (World Talk)", 
    "url": "http://real.ognjisce.si:8000/ognjisce.mp3"
  }, 
  {
    "bitrate": "32", 
    "id": "s167031", 
    "img": "http://d1i6vahw24eb07.cloudfront.net/s167031q.png", 
    "label": "Zdravje s hitrostjo zvoka", 
    "name": "Radio PACIENT 103.3", 
    "url": "http://live.radiopacient.si/mp3"
  }, 
  {
    "bitrate": "64", 
    "id": "s106470", 
    "img": "http://d1i6vahw24eb07.cloudfront.net/s106470q.png", 
    "label": "VSAK DAN NEKAJ NOVEGA!", 
    "name": "Radio Prlek 88.9 (Top 40/Pop)", 
    "url": "http://212.30.73.249:8000/"
  }, 
  {
    "bitrate": "96", 
    "id": "s48741", 
    "img": "http://d1i6vahw24eb07.cloudfront.net/s48741q.png", 
    "label": "Glasbo izbiramo tako, da...", 
    "name": "Radio Ptuj 89.8 (Adult Contemporary)", 
    "url": "http://stream.radio-ptuj.si:8000/"
  }, 
  {
    "bitrate": "128", 
    "id": "s9689", 
    "img": "http://d1i6vahw24eb07.cloudfront.net/s9689q.png", 
    "label": "Slovenian", 
    "name": "Radio Robin 99.5 (World Music)", 
    "url": "mms://live.infonetmedia.si/RadioRobin"
  }, 
  {
    "bitrate": "32", 
    "id": "s105310", 
    "img": "http://d1i6vahw24eb07.cloudfront.net/s105310q.png", 
    "label": "Slovenian", 
    "name": "Radio Rogla 89.4 (Rock)", 
    "url": "http://193.105.67.24:8010"
  }, 
  {
    "bitrate": "32", 
    "id": "s123305", 
    "img": "http://d1i6vahw24eb07.cloudfront.net/s123305q.png", 
    "label": "Stran v izdelavi", 
    "name": "Radio S 92.6 (European Music)", 
    "url": "http://live3.infonetmedia.si:8000/radios"
  }, 
  {
    "bitrate": "128", 
    "id": "s106473", 
    "img": "http://d1i6vahw24eb07.cloudfront.net/s16355q.png", 
    "label": "RADIO SALOMON:...", 
    "name": "Radio Salomon 101.6 (Electronic and Dance)", 
    "url": "http://www.radiosalomon.si/salomon.m3u"
  }, 
  {
    "bitrate": "32", 
    "id": "s37098", 
    "img": "http://d1i6vahw24eb07.cloudfront.net/s37098q.png", 
    "label": "Slovenian", 
    "name": "Radio Slo Koper 96.4 (News)", 
    "url": "http://mp3.rtvslo.si/rakp"
  }, 
  {
    "bitrate": "128", 
    "id": "s106556", 
    "img": "http://d1i6vahw24eb07.cloudfront.net/s106556q.png", 
    "label": "Slovenian", 
    "name": "Radio Slovenske Gorice 96.4 (Adult Contemporary)", 
    "url": "http://91.185.194.102:8014/"
  }, 
  {
    "bitrate": "138", 
    "id": "s9368", 
    "img": "http://d1i6vahw24eb07.cloudfront.net/s9368q.png", 
    "label": "Smo regionalna radijska...", 
    "name": "Radio Sora 91.1 (Local Music)", 
    "url": "http://www.radio-sora.si/radio_sora.m3u"
  }, 
  {
    "bitrate": "112", 
    "id": "s106491", 
    "img": "http://d1i6vahw24eb07.cloudfront.net/s106491q.png", 
    "label": "Slovenian", 
    "name": "Radio Sraka 94.6 (Folk)", 
    "url": "http://193.105.67.24:8006"
  }, 
  {
    "bitrate": "56", 
    "id": "s1386", 
    "img": "http://d1i6vahw24eb07.cloudfront.net/s1386q.png", 
    "label": "Slovenian", 
    "name": "Radio Stajerski Val 93.7 (Oldies)", 
    "url": "http://arisa.onair.si:8004/"
  }, 
  {
    "bitrate": "128", 
    "id": "s25182", 
    "img": "http://d1i6vahw24eb07.cloudfront.net/s25182q.png", 
    "label": "Slovenian", 
    "name": "Radio Student 89.3 (College Radio)", 
    "url": "http://kruljo.radiostudent.si:8000/hiq"
  }, 
  {
    "bitrate": "192", 
    "id": "1", 
    "img": "http://d1i6vahw24eb07.cloudfront.net/s164797q.png", 
    "label": "Urbani radio", 
    "name": "Radio Terminal", 
    "url": "http://live.radioterminal.si"
  }, 
  {
    "bitrate": "160", 
    "id": "s9348", 
    "img": "http://d1i6vahw24eb07.cloudfront.net/s9348q.png", 
    "label": "Slovenian", 
    "name": "Radio Top 106.8 (Top 40/Pop)", 
    "url": "http://193.105.67.24:8024"
  }, 
  {
    "bitrate": "128", 
    "id": "s25190", 
    "img": "http://d1i6vahw24eb07.cloudfront.net/s10362q.png", 
    "label": "Radio Za Radovedne", 
    "name": "Radio Triglav 89.8 (Country)", 
    "url": "http://www.radiotriglav.si:8000"
  }, 
  {
    "bitrate": "32", 
    "id": "s106493", 
    "img": "http://d1i6vahw24eb07.cloudfront.net/s106493q.png", 
    "label": "Slovenian", 
    "name": "Radio Velenje 107.8 (Top 40/Pop)", 
    "url": "http://www.radiovelenje.com/velenje.asx"
  }, 
  {
    "bitrate": "128", 
    "id": "s98796", 
    "img": "http://d1i6vahw24eb07.cloudfront.net/s98796q.png", 
    "label": "Slovenian", 
    "name": "Radio Veseljak 94.9 (Health)", 
    "url": "http://195.95.158.131:9060"
  }, 
  {
    "bitrate": "80", 
    "id": "s10066", 
    "img": "http://d1i6vahw24eb07.cloudfront.net/s10066q.png", 
    "label": "Polni Pozitive", 
    "name": "Radio Zeleni 93.1 (News)", 
    "url": "http://212.72.102.17:8000"
  }, 
  {
    "bitrate": "128", 
    "id": "s106510", 
    "img": "http://d1i6vahw24eb07.cloudfront.net/s106510q.png", 
    "label": "radio narejen za va\u0161a u\u0161esa.", 
    "name": "Studio D 103.0 (Variety)", 
    "url": "http://91.185.193.190:8038/"
  }, 
  {
    "bitrate": "112", 
    "id": "s106650", 
    "img": "http://d1i6vahw24eb07.cloudfront.net/s106650q.png", 
    "label": "Slovenian", 
    "name": "Turisticni Radio Potepuh 91.0 (European Music)", 
    "url": "http://streamer1.siradiostream.net/streamredirect/8094/listen.pls"
  }, 
  {
    "bitrate": "128", 
    "id": "s25581", 
    "img": "http://d1i6vahw24eb07.cloudfront.net/s25581q.png", 
    "label": "Ujame vse", 
    "name": "Val 202 98.9 (News)", 
    "url": "http://mp3.rtvslo.si/val202"
  }
]