<?xml version="1.0" encoding="UTF-8" standalone="yes"?>
<addon id="plugin.video.nvtteamtv" name="NVTTeam TV List" version="1.0.0" provider-name="NVTTeam">
  <requires>
    <import addon="xbmc.python" version="2.1.0"/>
  </requires>
  <extension point="xbmc.python.pluginsource" library="default.py">
        <provides>video</provides>
  </extension>
  <extension point="xbmc.addon.metadata">
    <summary lang="en">NVTTeam TV Lists</summary>
    <description lang="en">NVTTeam TV List
Don't be lazy Add Create and add your list to the group to be shared with everyone</description>
    <platform>all</platform>
  </extension>
</addon>
