<?xml version="1.0" encoding="UTF-8" standalone="yes"?>
<addon id="plugin.audio.nvtmusic" name="NVTTeam Music" version="0.1.4" provider-name="NVTTeam">
  <requires>
    <import addon="xbmc.python" version="2.1.0"/>
	<import addon="script.module.simple.downloader" version="1.9.4"/>
	<import addon="plugin.video.youtube" version="2.9.2"/>
	<import addon="script.module.mutagen"/>
	<import addon="script.module.requests" version="2.3.0"/>
  </requires>
  <extension point="xbmc.python.pluginsource" library="addon.py">
    <provides>audio</provides>
  </extension>
  <extension point="xbmc.addon.metadata">
    <language>en</language>
    <platform>all</platform>
    <summary lang="en">NVTTeam Music</summary>
    <description lang="en">NVTTeam Music is a new way to listen and discover music thought KODI.</description>
    <disclaimer lang="en">The author does not host or distribute any of the content displayed by this addon. The author does not have any affiliation with the content provider.</disclaimer>
	<platform>all</platform>
  </extension>
</addon>
