<?xml version="1.0" encoding="UTF-8" standalone="yes"?>
<addon id="plugin.program.nvtip" name="My IP" version="0.0.1" provider-name="NVTTeam">
  <requires>
    <import addon="xbmc.python" version="2.1.0"/>
  </requires>
  <extension point="xbmc.python.pluginsource" library="default.py">
        <provides>executable</provides>
  </extension>
  <extension point="xbmc.addon.metadata">
    <summary lang="en">Show My IP</summary>
    <description lang="en">Showing you network and system informations...</description>
    <platform>all</platform>
  </extension>
</addon>
