<?xml version="1.0" encoding="UTF-8"?>
<!-- Foundation -->
<window id="136">
    <allowoverlay>no</allowoverlay>

    <controls>

        <include>GlobalOverlay</include>

        <control type="group">
            <posx>735</posx>
            <posy>486</posy>

            <control type="image">
                <description>background image</description>
                <posx>0</posx>
                <posy>0</posy>
                <width>450</width>
                <height>108</height>
                <texture border="16" colordiffuse="White100">common/rounded-shadow8.png</texture>
            </control>

            <control type="image">
                <description>Busy animation</description>
                <posx>30</posx>
                <posy>30</posy>
                <width>48</width>
                <height>48</height>
                <texture colordiffuse="Highlight" fallback="buttons/busy.gif">$INFO[Skin.String(busyloader)]</texture>
                <aspectratio>keep</aspectratio>
                <!--<animation effect="rotate" start="0" end="360" center="54,54" time="1200" loop="true" condition="true">conditional</animation>-->
            </control>

            <control type="label">
                <description>Busy label</description>
                <posx>105</posx>
                <width>720</width>
                <height>108</height>
                <aligny>center</aligny>
                <align>left</align>
                <label>$LOCALIZE[20186]...</label>
                <textcolor>Black70</textcolor>
            </control>

        </control>

    </controls>

</window>
