<?xml version="1.0" encoding="UTF-8"?>
<!-- Foundation -->
<window id="2003">
    <defaultcontrol always="true">8</defaultcontrol>
    <allowoverlay>no</allowoverlay>
    <zorder>0</zorder>
    <onload condition="System.HasAddon(script.videoextras)">RunScript(script.videoextras,check,"$INFO[ListItem.FilenameAndPath]")</onload>
    <controls>

        <include>GlobalOverlay</include>

        <control type="group">
            <visible>!Window.IsVisible(script-ExtendedInfo Script-DialogVideoInfo.xml)</visible>
            <visible>!Window.IsVisible(script-ExtendedInfo Script-DialogInfo.xml)</visible>
            <include>DefDialogInfoPanel</include>

            <control type="label">
                <description>Header Label</description>
                <include>DefDialogInfoHeader</include>
                <label>$INFO[ListItem.Title]$INFO[ListItem.Year, (,)]</label>
            </control>
            <control type="image">
                <posx>30</posx>
                <top>100</top>
                <width>450</width>
                <height>274</height>
                <aspectratio scalediffuse="false">scale</aspectratio>
                <texture diffuse="diffuse/pvrinfo.png">$VAR[FanartImage]</texture>
                <visible>!Control.HasFocus(50)</visible>
            </control>
            
            <control type="grouplist">
                <right>14</right>
                <posy>18</posy>
                <width>600</width>
                <height>64</height>
                <orientation>horizontal</orientation>
                <align>right</align>
                <itemgap>24</itemgap>
                <usecontrolcoords>true</usecontrolcoords>
                <control type="image">
                    <width>64</width>
                    <height>64</height>
                    <texture colordiffuse="Black70">flags/3D.png</texture>
                    <visible>ListItem.IsStereoscopic</visible>
                </control>
                <control type="image">
                    <width>64</width>
                    <height>64</height>
                    <texture colordiffuse="Black70">flags/bluray.png</texture>
                    <visible>[substring(ListItem.FilenameAndPath,bluray) | substring(ListItem.FilenameAndPath,bdrip) | substring(ListItem.FilenameAndPath,bd25) | substring(ListItem.FilenameAndPath,bd50)]</visible>
                </control>
                <control type="image">
                    <width>95</width>
                    <height>64</height>
                    <texture colordiffuse="Black70">flags/hddvd.png</texture>
                    <visible>substring(ListItem.FilenameAndPath,hddvd)</visible>
                </control>
                <control type="image">
                    <width>64</width>
                    <height>64</height>
                    <texture colordiffuse="Black70">flags/dvd.png</texture>
                    <visible>substring(ListItem.FilenameAndPath,dvd) + !substring(ListItem.FilenameAndPath,hddvd)</visible>
                </control>
                <control type="image">
                    <width>64</width>
                    <height>64</height>
                    <texture colordiffuse="Black70">flags/imdb.png</texture>
                    <visible>!IsEmpty(ListItem.Top250)</visible>
                </control>
                <control type="label">
                    <width>60</width>
                    <height>64</height>            
                    <label>$INFO[ListItem.Top250,[B]#,[/B]]</label>
                    <font>TinyBold</font>
                    <visible>!IsEmpty(ListItem.Top250)</visible>
                </control>

                <control type="image">
                    <width>64</width>
                    <height>64</height>
                    <texture colordiffuse="Black70">flags/$VAR[Flagstar1].png</texture>
                </control>
                <control type="image">
                    <posx>-48</posx>
                    <width>64</width>
                    <height>64</height>
                    <texture colordiffuse="Black70">flags/$VAR[Flagstar2].png</texture>
                </control>
                <control type="image">
                    <posx>-48</posx>
                    <width>64</width>
                    <height>64</height>
                    <texture colordiffuse="Black70">flags/$VAR[Flagstar3].png</texture>
                </control>
                <control type="image">
                    <posx>-48</posx>
                    <width>64</width>
                    <height>64</height>
                    <texture colordiffuse="Black70">flags/$VAR[Flagstar4].png</texture>
                </control>
                <control type="image">
                    <posx>-48</posx>
                    <width>64</width>
                    <height>64</height>
                    <texture colordiffuse="Black70">flags/$VAR[Flagstar5].png</texture>
                </control>
                
                
            </control>

     
            
            
            
            
            
            <control type="grouplist">
                <left>510</left>
                <right>30</right>
                <posy>112</posy>
                <visible>Control.IsVisible(4)</visible>
                <orientation>vertical</orientation>
                <usecontrolcoords>true</usecontrolcoords>
                
                <!-- MPAA -->
                <control type="label">
                    <width>100%</width>
                    <height>25</height>
                    <font>SmallBold</font>
                    <label>20074</label>
                    <aligny>center</aligny>
                </control>
                <control type="label">
                    <width>65%</width>
                    <height>60</height>
                    <font>Tiny</font>
                    <aligny>top</aligny>
                    <label fallback="19055">$INFO[ListItem.MPAA]</label>
                </control>
                
                <!-- Run Time -->
                <control type="label">
                    <posy>-95</posy>
                    <width>100%</width>
                    <height>25</height>
                    <align>right</align>
                    <font>SmallBold</font>
                    <label>2050</label>
                    <aligny>center</aligny>
                </control>
                <control type="label">
                    <right>0</right>
                    <width>35%</width>
                    <height>60</height>
                    <font>Tiny</font>
                    <align>right</align>
                    <aligny>top</aligny>
                    <label fallback="19055">$INFO[ListItem.Duration,, $LOCALIZE[12391]]</label>
                </control>
                
                <!-- Director -->
                <control type="label">
                    <width>100%</width>
                    <height>25</height>
                    <font>SmallBold</font>
                    <label>20339</label>
                    <aligny>center</aligny>
                </control>
                <control type="label">
                    <width>65%</width>
                    <height>60</height>
                    <font>Tiny</font>
                    <aligny>top</aligny>
                    <label fallback="19055">$INFO[ListItem.Director]</label>
                </control>
                
                <!-- Last Played -->
                <control type="label">
                    <posy>-95</posy>
                    <width>100%</width>
                    <height>25</height>
                    <align>right</align>
                    <font>SmallBold</font>
                    <label>568</label>
                    <aligny>center</aligny>
                </control>
                <control type="label">
                    <right>0</right>
                    <width>35%</width>
                    <height>60</height>
                    <font>Tiny</font>
                    <align>right</align>
                    <aligny>top</aligny>
                    <label fallback="19055">$INFO[ListItem.LastPlayed]</label>
                </control>
                
                <!-- Writer -->
                <control type="label">
                    <width>100%</width>
                    <height>25</height>
                    <font>SmallBold</font>
                    <label>20417</label>
                    <aligny>center</aligny>
                </control>
                <control type="label">
                    <width>75%</width>
                    <height>60</height>
                    <font>Tiny</font>
                    <aligny>top</aligny>
                    <label fallback="19055">$INFO[ListItem.Writer]</label>
                </control>
                
                <!-- Languages -->
                <control type="label">
                    <posy>-95</posy>
                    <width>100%</width>
                    <height>25</height>
                    <align>right</align>
                    <font>SmallBold</font>
                    <label>445</label>
                    <aligny>center</aligny>
                    <visible>!IsEmpty(Window(movieinformation).Property(AudioLanguage.1))</visible>
                </control>
                <control type="label">
                    <right>0</right>
                    <width>35%</width>
                    <height>60</height>
                    <font>Tiny</font>
                    <align>right</align>
                    <aligny>top</aligny>
                    <label fallback="19055">[UPPERCASE]$INFO[Window(movieinformation).Property(AudioLanguage.1)]$INFO[Window(movieinformation).Property(AudioLanguage.2), ,]$INFO[Window(movieinformation).Property(AudioLanguage.3), ,]$INFO[Window(movieinformation).Property(AudioLanguage.4), ,]$INFO[Window(movieinformation).Property(AudioLanguage.5), ,][/UPPERCASE]</label>
                    <visible>!IsEmpty(Window(movieinformation).Property(AudioLanguage.1))</visible>
                </control>
                
                <!-- Genre -->
                <control type="label">
                    <width>100%</width>
                    <height>25</height>
                    <font>SmallBold</font>
                    <label>515</label>
                    <aligny>center</aligny>
                </control>
                <control type="label">
                    <width>75%</width>
                    <height>60</height>
                    <font>Tiny</font>
                    <aligny>top</aligny>
                    <label fallback="19055">$INFO[ListItem.Genre]</label>
                </control>
                
                <!-- Subs -->
                <control type="label">
                    <posy>-95</posy>
                    <width>100%</width>
                    <height>25</height>
                    <align>right</align>
                    <font>SmallBold</font>
                    <label>287</label>
                    <aligny>center</aligny>
                    <visible>!IsEmpty(Window(movieinformation).Property(SubtitleLanguage.1))</visible>
                </control>
                <control type="label">
                    <right>0</right>
                    <width>35%</width>
                    <height>60</height>
                    <font>Tiny</font>
                    <align>right</align>
                    <aligny>top</aligny>
                    <label fallback="19055">[UPPERCASE]$INFO[Window(movieinformation).Property(SubtitleLanguage.1)]$INFO[Window(movieinformation).Property(SubtitleLanguage.2), ,]$INFO[Window(movieinformation).Property(SubtitleLanguage.3), ,]$INFO[Window(movieinformation).Property(SubtitleLanguage.4), ,]$INFO[Window(movieinformation).Property(SubtitleLanguage.5), ,][/UPPERCASE]</label>
                    <visible>!IsEmpty(Window(movieinformation).Property(SubtitleLanguage.1))</visible>
                </control>
                
                <!-- Studio -->
                <control type="label">
                    <width>100%</width>
                    <height>25</height>
                    <font>SmallBold</font>
                    <label>572</label>
                    <aligny>center</aligny>
                </control>
                <control type="label">
                    <width>100%</width>
                    <height>60</height>
                    <font>Tiny</font>
                    <aligny>top</aligny>
                    <label fallback="19055">$INFO[ListItem.Studio]</label>
                </control>
                
                <!-- Plot -->
                <control type="label">
                    <width>100%</width>
                    <height>25</height>
                    <font>SmallBold</font>
                    <label>207</label>
                    <aligny>center</aligny>
                </control>
                <control type="textbox" id="4">
                    <width>100%</width>
                    <height>158</height>
                    <font>Tiny</font>
                    <align>justify</align>
                </control>
                
                <!-- Path -->
                <control type="label">
                    <width>100%</width>
                    <height>50</height>
                    <font>Mini</font>
                    <scroll>true</scroll>
                    <textcolor>Black30</textcolor>
                    <label>$INFO[ListItem.FilenameAndPath]</label>
                    <aligny>center</aligny>
                    <align>right</align>
                </control>
            </control>


            <control type="grouplist" id="9000">
                <posx>30</posx>
                <width>450</width>
                <height>423</height>
                <bottom>33</bottom>
                <itemgap>3</itemgap>
                <onup>9000</onup>
                <ondown>9000</ondown>
                <onright condition="!Control.IsVisible(50)">SendClick(2003,5)</onright>
                <onright condition="!IsEmpty(ListItem.Director)">52</onright>
                <onright condition="IsEmpty(ListItem.Director)">51</onright>
                <orientation>vertical</orientation>

                <control type="button" id ="5">
                    <description>Plot/Cast</description>
                    <label>206</label>
                    <width>450</width>
                    <height>68</height>
                    <texturenofocus colordiffuse="Black12" border="5">common/box.png</texturenofocus>
                    <texturefocus colordiffuse="Highlight" border="5">common/box.png</texturefocus>
                    <include>DefDialogButtons</include>
                </control>

                <control type="button" id ="8">
                    <description>Play</description>
                    <label>208</label>
                    <width>450</width>
                    <height>68</height>
                    <texturenofocus colordiffuse="Black12" border="5">common/box.png</texturenofocus>
                    <texturefocus colordiffuse="Highlight" border="5">common/box.png</texturefocus>
                    <include>DefDialogButtons</include>
                </control>

                
                <!--<control type="button" id ="9">
                    <description>Resume</description>
                    <label>13404</label>
                    <width>450</width>
                    <height>68</height>
                    <texturenofocus colordiffuse="Black12" border="5">common/box.png</texturenofocus>
                    <texturefocus colordiffuse="Highlight" border="5">common/box.png</texturefocus>
                    <include>DefDialogButtons</include>>
                </control>-->
                
                <control type="button" id="53">
                    <width>450</width>
                    <height>68</height>
                    <texturenofocus colordiffuse="Black12" border="5">common/box.png</texturenofocus>
                    <texturefocus colordiffuse="Highlight" border="5">common/box.png</texturefocus>
                    <include>DefDialogButtons</include>
                    <label>$LOCALIZE[31206]</label>
                    <onclick>SetProperty(ExtDirector,$INFO[ListItem.Director],home)</onclick>
                    <onclick>SetProperty(ExtWriter,$INFO[ListItem.Writer],home)</onclick>
                    <onclick>SetProperty(ExtMovie,$INFO[ListItem.Label],home)</onclick>
                    <onclick>SetProperty(ExtStudio,$INFO[ListItem.Studio],home)</onclick>
                    <onclick>SetProperty(ExtDBID,$INFO[ListItem.DBID],home)</onclick>
                    <onclick>ActivateWindow(3203)</onclick>
                    <onclick>Close</onclick>
                    <onclick>Dialog.Close(DialogVideoInfo.xml)</onclick>
                    <visible>!IsEmpty(ListItem.Director)</visible>
                </control>
                
                <control type="button" id="11">
                    <description>Trailer button</description>
                    <label>20410</label>
                    <width>450</width>
                    <height>68</height>
                    <texturenofocus colordiffuse="Black12" border="5">common/box.png</texturenofocus>
                    <texturefocus colordiffuse="Highlight" border="5">common/box.png</texturefocus>
                    <include>DefDialogButtons</include>
                    <visible>!IsEmpty(ListItem.Trailer)</visible>
                </control>
                
                <control type="button" id="49">
                    <description>Home Theatre</description>
                    <label>31170</label>
                    <width>450</width>
                    <height>68</height>
                    <texturenofocus colordiffuse="Black12" border="5">common/box.png</texturenofocus>
                    <texturefocus colordiffuse="Highlight" border="5">common/box.png</texturefocus>
                    <include>DefDialogButtons</include>
                    <onclick>Dialog.Close(MovieInformation)</onclick>
                    <onclick>XBMC.RunScript(script.cinema.experience,movieid=$INFO[ListItem.DBID])</onclick>
                    <visible>system.hasaddon(script.cinema.experience) + Container.Content(movies)</visible>
                </control>

                <control type="button" id="105">
                    <description>Extras</description>
                    <width>450</width>
                    <height>68</height>
                    <texturenofocus colordiffuse="Black12" border="5">common/box.png</texturenofocus>
                    <texturefocus colordiffuse="Highlight" border="5">common/box.png</texturefocus>
                    <include>DefDialogButtons</include>
                    <label>31171</label>
                    <onclick>RunScript(script.videoextras,display,"$INFO[ListItem.FilenameAndPath]")</onclick>
                    <visible>System.HasAddon(script.videoextras) + [Container.Content(movies) | Container.Content(episodes) | Container.Content(TVShows) | Container.Content(musicvideos)] + IsEmpty(Window(movieinformation).Property("HideVideoExtrasButton"))</visible>
                </control>

                <control type="button" id ="6">
                    <description>Refresh</description>
                    <label>184</label>
                    <width>450</width>
                    <height>68</height>
                    <texturenofocus colordiffuse="Black12" border="5">common/box.png</texturenofocus>
                    <texturefocus colordiffuse="Highlight" border="5">common/box.png</texturefocus>
                    <include>DefDialogButtons</include>
                    <visible>!Skin.HasSetting(global.kioskmode)</visible>
                </control>

                <control type="button" id ="10">
                    <description>Get Thumb</description>
                    <label>13405</label>
                    <width>450</width>
                    <height>68</height>
                    <texturenofocus colordiffuse="Black12" border="5">common/box.png</texturenofocus>
                    <texturefocus colordiffuse="Highlight" border="5">common/box.png</texturefocus>
                    <include>DefDialogButtons</include>
                    <visible>!Skin.HasSetting(global.kioskmode)</visible>
                </control>

                <control type="button" id="9001">
                    <label>$LOCALIZE[31203]</label>
                    <onclick condition="Container.Content(tvshows)">XBMC.RunScript(script.artwork.downloader, mode=gui, mediatype=tvshow, dbid=$INFO[ListItem.DBID])</onclick>
                    <onclick condition="Container.Content(movies)">XBMC.RunScript(script.artwork.downloader, mode=gui, mediatype=movie, dbid=$INFO[ListItem.DBID])</onclick>
                    <onclick condition="Container.Content(musicvideos)">XBMC.RunScript(script.artwork.downloader, mode=gui, mediatype=musicvideo, dbid=$INFO[ListItem.DBID])</onclick>
                    <description>Get Artwork</description>
                    <width>450</width>
                    <height>68</height>
                    <texturenofocus colordiffuse="Black12" border="5">common/box.png</texturenofocus>
                    <texturefocus colordiffuse="Highlight" border="5">common/box.png</texturefocus>
                    <include>DefDialogButtons</include>
                    <visible>!Skin.HasSetting(global.kioskmode)</visible>
                    <visible>[Container.Content(tvshows) | Container.Content(movies) | Container.Content(musicvideos)] + system.hasaddon(script.artwork.downloader)</visible>
                </control>
            </control>

            <control type="button" id="52">
                <visible allowhiddenfocus="true">Control.IsVisible(50)</visible>
                <top>100</top>
                <height>68</height>
                <left>510</left>
                <right>30</right>
                <ondown>51</ondown>
                <label>$INFO[ListItem.Director,$LOCALIZE[31191] ,]</label>
                <align>left</align>
                <onleft condition="Control.IsVisible(50)">SendClick(2003,5)</onleft>
                <onleft>9000</onleft>
                <!--<onclick>SetProperty(ExtDirector,$INFO[ListItem.Director],home)</onclick>
                <onclick>SetProperty(ExtWriter,$INFO[ListItem.Writer],home)</onclick>
                <onclick>SetProperty(ExtMovie,$INFO[ListItem.Label],home)</onclick>
                <onclick>SetProperty(ExtStudio,$INFO[ListItem.Studio],home)</onclick>
                <onclick>SetProperty(ExtDBID,$INFO[ListItem.DBID],home)</onclick>
                <onclick>ActivateWindow(3203)</onclick>-->
                <onclick>RunScript(script.extendedinfo,info=extendedactorinfo,name=$INFO[ListItem.Director])</onclick>
                <onclick>Dialog.Close(2003)</onclick>
                <texturenofocus border="5" colordiffuse="Black12">common/box.png</texturenofocus>
                <texturefocus border="5" colordiffuse="Highlight">common/box.png</texturefocus>
                <visible>!IsEmpty(ListItem.Director)</visible>
            </control>
            <control type="list" id="50">
                <description>Cast</description>
                <left>510</left>
                <right>30</right>
                <include condition="!IsEmpty(ListItem.Director)">DefVideoInfoCastWithDirector</include>
                <include condition="IsEmpty(ListItem.Director)">DefVideoInfoCastWithoutDirector</include>
                <onup>50</onup>
                <ondown>50</ondown>
                <onleft condition="Control.IsVisible(50)">SendClick(2003,5)</onleft>
                <onleft>9000</onleft>
                <orientation>vertical</orientation>
                <scrolltime>200</scrolltime>

                <itemlayout height="71" width="780">

                    <control type="image">
                        <width>100%</width>
                        <height>68</height>
                        <texture border="5" colordiffuse="Black12">common/box.png</texture>
                    </control>

                    <control type="label">
                        <posx>30</posx>
                        <width>810</width>
                        <info>ListItem.Label</info>
                    </control>

                </itemlayout>

                <focusedlayout height="71" width="780">
                    <control type="group">
                        <visible>Control.HasFocus(50) | Control.HasFocus(51)</visible>
                        <control type="image">
                            <width>100%</width>
                            <height>68</height>
                            <texture border="5" colordiffuse="Highlight">common/box.png</texture>
                        </control>

                        <control type="label">
                            <posx>30</posx>
                            <width>810</width>
                            <info>ListItem.Label</info>
                            <textcolor>Selected</textcolor>
                        </control>
                    </control>
                    <control type="group">
                        <visible>!Control.HasFocus(50) + !Control.HasFocus(51)</visible>
                        <control type="image">
                            <width>100%</width>
                            <height>68</height>
                            <texture border="5" colordiffuse="Black12">common/box.png</texture>
                        </control>

                        <control type="label">
                            <posx>30</posx>
                            <width>810</width>
                            <info>ListItem.Label</info>
                        </control>
                    </control>

                </focusedlayout>

            </control>

            <control type="image">
                <posx>30</posx>
                <top>100</top>
                <width>450</width>
                <bottom>33</bottom>
                <texture colordiffuse="Black" border="10">diffuse/infocast.png</texture>
                <visible>Control.HasFocus(50) | Control.HasFocus(51)</visible>
            </control>
            <control type="image">
                <posx>30</posx>
                <top>100</top>
                <width>450</width>
                <height>707</height>
                <aspectratio scalediffuse="false">scale</aspectratio>
                <texture diffuse="diffuse/infocast.png">$INFO[Container(50).ListItem.Thumb]</texture>
                <visible>Control.HasFocus(51) | Control.HasFocus(50)</visible>
                <fadetime>350</fadetime>
            </control>

        </control>
        <control type="button" id="51">
            <visible allowhiddenfocus="true">false</visible>
            <ondown condition="!IsEmpty(Container(50).ListItemNoWrap(1).Label)">Control.Move(50,1)</ondown>
            <onup condition="!IsEmpty(Container(50).ListItemNoWrap(-1).Label)">Control.Move(50,-1)</onup>
            <onup condition="IsEmpty(Container(50).ListItemNoWrap(-1).Label) + !IsEmpty(ListItem.Director)">52</onup>
            <onleft condition="Control.IsVisible(50)">SendClick(2003,5)</onleft>
            <onleft>9000</onleft>
            <onclick>RunScript(script.extendedinfo,info=extendedactorinfo,name=$INFO[Container(50).ListItem.Label])</onclick>
            <onclick>Dialog.Close(2003)</onclick>
        </control>
        

    </controls>

</window>
