<?xml version="1.0" encoding="UTF-8"?>
<window id="603">
    <defaultcontrol>29</defaultcontrol>
    <controls>
        <include>GlobalOverlay</include>

        <control type="group">
            <include>DefDialogBackground</include>
            
            <control type="label">
                <include>DefDialogHeader</include>
                <label>19040</label>
            </control>
  
            <control type="grouplist" id="5">
                <description>Control Area</description>
                <left>38</left>
                <right>38</right>
                <posy>90</posy>
                <height>690</height>
                <itemgap>3</itemgap>
                <onup>21</onup>
                <ondown>28</ondown>
                <onleft>4</onleft>
                <onright>29</onright>
                <orientation>vertical</orientation>
            </control>

            <control type="button" id="7">
                <description>default</description>
                <align>left</align>
                <texturefocus colordiffuse="Highlight" border="8">common/box.png</texturefocus>
            </control>

            <control type="radiobutton" id="8">
                <description>radioButton</description>
                <radioposx>946</radioposx>
                <texturefocus colordiffuse="Highlight" border="8">common/box.png</texturefocus>
                <align>left</align>
            </control>
            
            <control type="spincontrolex" id="9">
                <description>radioButton</description>
                <texturefocus colordiffuse="Highlight" border="8">common/box.png</texturefocus>
                <align>left</align>
            </control>
            
            <control type="image" id="11">
                <height>66</height>
            </control>
            
            <control type="edit" id="12">
                <description>radioButton</description>
                <texturefocus colordiffuse="Highlight" border="8">common/box.png</texturefocus>
                <align>left</align>
                <textcolor>Black70</textcolor>
            </control>
            
            <control type="sliderex" id="13">
                <description>radioButton</description>
                <texturefocus colordiffuse="Highlight" border="8">common/box.png</texturefocus>
                <align>left</align>
            </control>

            <control type="button" id="28">
                <description>Ok</description>
                <centerleft>33%</centerleft>
                <bottom>30</bottom>
                <width>300</width>
                <label>186</label>
                <onleft>22</onleft>
                <onright>29</onright>
                <onup>5</onup>
                <ondown>20</ondown>
                <texturefocus colordiffuse="Highlight" border="5">common/box.png</texturefocus>
                <texturenofocus colordiffuse="Black12" border="5">common/box.png</texturenofocus>
                <include>DefDialogButtons</include>
            </control>

            <control type="button" id="29">
                <description>Cancel</description>
                <centerright>33%</centerright>
                <bottom>30</bottom>
                <width>300</width>
                <label>222</label>
                <onleft>28</onleft>
                <onright>22</onright>
                <onup>5</onup>
                <ondown>20</ondown>
                <texturefocus colordiffuse="Highlight" border="5">common/box.png</texturefocus>
                <texturenofocus colordiffuse="Black12" border="5">common/box.png</texturenofocus>
                <include>DefDialogButtons</include>
            </control>

        </control>
    
    </controls>
</window>
