<?xml version="1.0" encoding="UTF-8"?>
<!-- Foundation -->
<window id="0">
    <defaultcontrol always="true">300</defaultcontrol>
    <allowoverlay>no</allowoverlay>
    <!--<onload>RunScript(script.skinshortcuts,type=buildxml&amp;mainmenuID=300&amp;levels=0)</onload>-->
    <onload>RunScript(script.skinshortcuts,type=buildxml&amp;mainmenuID=300&amp;group=mainmenu|movieshub|episodeshub)</onload>
    <controls>
        <include>GlobalBackground</include>
        <include>HomeHeader</include>
        <include>HomeNextRecording</include>
        <include>HomeWeatherWidget</include>
        <include>HomeWidgetSelector</include>
        <include condition="!Skin.HasSetting(home.classicwidgets)">HomeRow</include>
        <include condition="!Skin.HasSetting(home.classicwidgets)">HomeWidgetInfo</include>
        <include condition="Skin.HasSetting(home.classicwidgets)">HomeClassicWidgets</include>
        
        <include condition="Skin.HasSetting(home.submenu2) + !Skin.HasSetting(home.showicons)">HomeSubMenu2</include>
        <include condition="!Skin.HasSetting(home.submenu2) | Skin.HasSetting(home.showicons)">HomeSubMenu</include>
    </controls>
</window>
