<?xml version="1.0" encoding="UTF-8"?>
<!-- Foundation -->
<window id="2006">
    <defaultcontrol always="true">-</defaultcontrol>
    <allowoverlay>no</allowoverlay>
    <onload>RunScript(script.artistslideshow)</onload>

    <controls>

        <control type="visualisation" id="2">
            <visible>Skin.HasSetting(OSDVisualisation.ShowFanart) | [!Skin.HasSetting(musicvis.fanartfallback) + [!System.HasAddon(script.artistslideshow) | Skin.HasSetting(ArtistSlideShow.Disabled)]]</visible>
            <description>visualisation</description>
            <include>Dimensions_Fullscreen</include>
        </control>
        <control type="image">
            <aspectratio>scale</aspectratio>
            <include>Dimensions_Fullscreen</include>
            <texture background="true">$INFO[Player.Art(fanart)]</texture>
            <visible>!System.HasAddon(script.artistslideshow) | Skin.HasSetting(ArtistSlideShow.Disabled)</visible>
            <visible>Skin.HasSetting(musicvis.fanartfallback)</visible>
            <animation effect="fade" start="100" end="65" time="0" condition="Skin.HasSetting(OSDVisualisation.ShowFanart)">Conditional</animation>
            <animation effect="zoom" start="110" end="130" center="auto" time="10000" tween="sine" easing="inout" pulse="true" condition="Skin.HasSetting(ArtistSlideshow.Animate)">Conditional</animation>
            <animation effect="slide" start="-30,-30" end="30,30" time="6000" tween="sine" easing="inout" pulse="true" condition="Skin.HasSetting(ArtistSlideshow.Animate)">Conditional</animation>
        </control>
        <control type="multiimage">
            <aspectratio>scale</aspectratio>
            <include>Dimensions_Fullscreen</include>
            <timeperimage>10000</timeperimage>
            <randomize>true</randomize>
            <fadetime>600</fadetime>
            <loop>yes</loop>
            <imagepath background="true">$INFO[Window(Visualisation).Property(ArtistSlideshow)]</imagepath>
            <visible>System.HasAddon(script.artistslideshow) + !Skin.HasSetting(ArtistSlideShow.Disabled)</visible>
            <animation effect="fade" start="100" end="65" time="0" condition="Skin.HasSetting(OSDVisualisation.ShowFanart)">Conditional</animation>
            <animation effect="zoom" start="110" end="130" center="auto" time="10000" tween="sine" easing="inout" pulse="true" condition="Skin.HasSetting(ArtistSlideshow.Animate)">Conditional</animation>
            <animation effect="slide" start="-30,-30" end="30,30" time="6000" tween="sine" easing="inout" pulse="true" condition="Skin.HasSetting(ArtistSlideshow.Animate)">Conditional</animation>
        </control>

        
        <control type="group">
            <visible>!Window.IsVisible(script-cu-lrclyrics-main.xml)</visible>
            
            <animation effect="slide" start="0" end="0,-74" time="150" condition="Window.IsVisible(musicosd)">Conditional</animation>
            <control type="image">
                <top>110r</top>
                <width>100%</width>
                <height>374</height>
                <texture>common/white.png</texture>
                <colordiffuse>$VAR[OSDPanel]</colordiffuse>
                <animation effect="fade" start="100" end="95" condition="Skin.HasSetting(osd.usetheme)">Conditional</animation>
                <animation effect="slide" start="0" end="0,-190" time="150" condition="Window.IsVisible(fullscreeninfo) | Player.ShowInfo">Conditional</animation>
                <animation effect="slide" start="0" end="0,110" time="150" condition="!Window.IsVisible(fullscreeninfo) + !Player.Seeking + !Player.DisplayAfterSeek + !Player.Paused + !Player.Forwarding + !Player.Rewinding + !Player.ShowInfo">Conditional</animation>
                <animation effect="slide" start="0,110" end="0" time="150" condition="Window.IsVisible(musicosd) | Player.Seeking | Player.DisplayAfterSeek | Player.Paused | Player.Forwarding | Player.Rewinding | Player.ShowInfo">Conditional</animation>
            </control>
            
            <control type="group">
                <top>300r</top>
                <bottom>0</bottom>
                <width>100%</width>
                <visible>Player.ShowInfo</visible>
                <animation effect="fade" start="0" end="100" delay="150" time="150">Visible</animation>
                <animation effect="fade" start="0" end="100" delay="150" time="150">WindowOpen</animation>
                <control type="group">
                    <left>SidePad</left>
                    <right>SidePad</right>
                    <top>20</top>
                    <bottom>20</bottom>
                    
                    <control type="image">
                        <bottom>0</bottom>
                        <width>260</width>
                        <height>260</height>
                        <texture>$VAR[PlayerPoster]</texture>
                        <aspectratio aligny="center" align="center">scale</aspectratio>
                    </control>
                    
                    <control type="group">
                        <left>290</left>
                        <right>0</right>
                        <control type="grouplist">
                            <right>-20</right>
                            <posy>-14</posy>
                            <width>600</width>
                            <height>64</height>
                            <orientation>horizontal</orientation>
                            <align>right</align>
                            <itemgap>24</itemgap>
                            <usecontrolcoords>true</usecontrolcoords>

                            <control type="image">
                                <width>64</width>
                                <height>64</height>
                                <colordiffuse>$VAR[OSDPanelWhite70]</colordiffuse>
                                <texture>flags/$VAR[OSDMusicFlagstar1].png</texture>
                            </control>
                            <control type="image">
                                <posx>-48</posx>
                                <width>64</width>
                                <height>64</height>
                                <colordiffuse>$VAR[OSDPanelWhite70]</colordiffuse>
                                <texture>flags/$VAR[OSDMusicFlagstar2].png</texture>
                            </control>
                            <control type="image">
                                <posx>-48</posx>
                                <width>64</width>
                                <height>64</height>
                                <colordiffuse>$VAR[OSDPanelWhite70]</colordiffuse>
                                <texture>flags/$VAR[OSDMusicFlagstar3].png</texture>
                            </control>
                            <control type="image">
                                <posx>-48</posx>
                                <width>64</width>
                                <height>64</height>
                                <colordiffuse>$VAR[OSDPanelWhite70]</colordiffuse>
                                <texture>flags/$VAR[OSDMusicFlagstar4].png</texture>
                            </control>
                            <control type="image">
                                <posx>-48</posx>
                                <width>64</width>
                                <height>64</height>
                                <colordiffuse>$VAR[OSDPanelWhite70]</colordiffuse>
                                <texture>flags/$VAR[OSDMusicFlagstar5].png</texture>
                            </control>
                            
                            
                        </control>

                        
                        <control type="label" description="Title">
                            <width>1000</width>
                            <top>0</top>
                            <height>40</height>
                            <font>TinyBold</font>
                            <textcolor>$VAR[OSDPanelWhite70]</textcolor>
                            <label>$VAR[PlayerTitle]</label>
                        </control>
                        
                        
                        <control type="label" description="Show">
                            <width>1000</width>
                            <top>50</top>
                            <height>40</height>
                            <font>MediumBold</font>
                            <textcolor>$VAR[OSDPanelWhite70]</textcolor>
                            <label>$VAR[PlayerBigTitle]</label>
                        </control>
                        
                        <control type="textbox" description="Plot">
                            <width>100%</width>
                            <top>105</top>
                            <height>70</height>
                            <font>Tiny</font>
                            <align>justify</align>
                            <textcolor>$VAR[OSDPanelWhite30]</textcolor>
                            <label>$VAR[PlayerPlotBox]</label>
                        </control>
                        
                        <control type="label" description="Elapsed Time">
                            <width>400</width>
                            <bottom>30</bottom>
                            <height>40</height>
                            <font>Tiny</font>
                            <textcolor>$VAR[OSDPanelWhite70]</textcolor>
                            <label>$VAR[PlayerStatus]</label>
                        </control>
                        <control type="label" description="Total Time">
                            <right>0</right>
                            <align>right</align>
                            <width>400</width>
                            <bottom>30</bottom>
                            <height>40</height>
                            <font>Tiny</font>
                            <textcolor>$VAR[OSDPanelWhite70]</textcolor>
                            <label>$INFO[Player.Time]  /  $INFO[Player.Duration]</label>
                        </control>
                        <control type="image">
                            <description>Progress Back</description>
                            <width>100%</width>
                            <bottom>10</bottom>
                            <height>8</height>
                            <texture colordiffuse="Black12">common/white.png</texture>
                            <visible>Skin.HasSetting(osd.usetheme)</visible>
                        </control>
                        <control type="progress" description="cache">
                            <description>Progress Bar</description>
                            <width>100%</width>
                            <bottom>10</bottom>
                            <height>8</height>
                            <info>Player.ProgressCache</info>
                            <visible>true</visible>
                            <texturebg colordiffuse="00ffffff">osd/progress-bg.png</texturebg>
                            <lefttexture colordiffuse="Highlight2">osd/progress-end.png</lefttexture>
                            <midtexture colordiffuse="Highlight2">osd/progress-end.png</midtexture>
                            <righttexture colordiffuse="Highlight2">osd/progress-end.png</righttexture>
                        </control>
                        <control type="progress" id="23">
                            <description>Progress Bar</description>
                            <width>100%</width>
                            <bottom>10</bottom>
                            <height>8</height>
                            <info>Player.Progress</info>
                            <visible>true</visible>
                        </control>
                    </control>
                </control>
            </control>
            <control type="group">
                <visible>!Window.IsVisible(fullscreeninfo) + !Player.ShowInfo</visible>
                <visible>Player.Seeking | Player.DisplayAfterSeek | Player.Paused | Player.Forwarding | Player.Rewinding</visible>
                <animation effect="fade" start="0" end="100" delay="150" time="150">Visible</animation>
                <animation effect="fade" start="0" end="100" delay="150" time="150">WindowOpen</animation>
                <top>110r</top>
                <bottom>0</bottom>
                <width>100%</width>
                
                <control type="group">
                    <left>SidePad</left>
                    <right>SidePad</right>
                    <top>20</top>
                    <bottom>20</bottom>
                    <control type="label" description="Finishes Time">
                        <width>400</width>
                        <bottom>30</bottom>
                        <height>40</height>
                        <font>Tiny</font>
                        <textcolor>PanelWhite70</textcolor>
                        <label>$VAR[PlayerStatus]</label>
                    </control>
                    <control type="label" description="Duration Total Time">
                        <right>0</right>
                        <align>right</align>
                        <width>400</width>
                        <bottom>30</bottom>
                        <height>40</height>
                        <font>Tiny</font>
                        <textcolor>PanelWhite70</textcolor>
                        <label>$INFO[Player.Time]  /  $INFO[Player.Duration]</label>
                    </control>
                    <control type="progress" description="cache">
                        <description>Progress Bar</description>
                        <width>100%</width>
                        <bottom>10</bottom>
                        <height>8</height>
                        <info>Player.ProgressCache</info>
                        <visible>true</visible>
                        <texturebg colordiffuse="00ffffff">osd/progress-bg.png</texturebg>
                        <lefttexture colordiffuse="Highlight2">osd/progress-end.png</lefttexture>
                        <midtexture colordiffuse="Highlight2">osd/progress-end.png</midtexture>
                        <righttexture colordiffuse="Highlight2">osd/progress-end.png</righttexture>
                    </control>
                    <control type="progress" id="23">
                        <description>Progress Bar</description>
                        <width>100%</width>
                        <bottom>10</bottom>
                        <height>8</height>
                        <info>Player.Progress</info>
                        <visible>true</visible>
                    </control>
                </control>
            </control>
            
        </control>
        <control type="group">
            <visible>!Window.IsVisible(script-cu-lrclyrics-main.xml)</visible>
            <include>Furniture_OSDClock</include>
        </control>
        
        <control type="group">
            <visible>Player.ShowCodec</visible>
            <left>70</left>
            <posy>70</posy>
            <width>1420</width>
            <height>100</height>
            <include>Animation.FadeIn.Slide</include>
            <include>Animation.FadeOut</include>
    
            <control type="image">
                <description>background image</description>
                <posx>0</posx>
                <posy>0</posy>
                <width>100%</width>
                <height>100%</height>
                <texture border="16" colordiffuse="OSDBack">common/rounded-shadow8.png</texture>
            </control>
            <control type="label">
                <description>row 1 label</description>
                <left>30</left>
                <right>30</right>
                <height>100%</height>
                <align>left</align>
                <aligny>center</aligny>
                <label>$INFO[musicplayer.Codec,$LOCALIZE[21446]: ,]$INFO[musicplayer.Bitrate, · $LOCALIZE[623]: ,kbps]$INFO[musicplayer.bitspersample, · $LOCALIZE[612]: ,]$INFO[musicplayer.Samplerate, · $LOCALIZE[613]: ,kHz]$INFO[musicplayer.Channels, · $LOCALIZE[21444]: ]</label>
                <textcolor>PanelWhite100</textcolor>
            </control>
        </control>
        
        
    </controls>

</window>
