<?xml version="1.0" encoding="UTF-8" standalone="yes"?>
<addon id="plugin.video.nvtpopcorntime" name="NVTTeam Popcorn Time" version="1.0.1" provider-name="NVTTeam">
    <requires>
        <import addon="xbmc.python" version="2.19.0"/>
    </requires>
    <extension point="xbmc.python.pluginsource" library="addon.py">
        <provides>video</provides>
    </extension>
    <extension point="xbmc.addon.metadata">
        <platform>all</platform>
        <website></website>
        <forum></forum>
        <source></source>
        <language>English</language>
        <license><![CDATA[GNU GENERAL PUBLIC LICENSE. Version 3, 29 June 2007]]></license>
        <summary><![CDATA[NVTTeam Popcorn Time: Immediately steam movies in KODI.]]></summary>
        <description><![CDATA[With NVTTeam Popcorn Time you can search for movies that you can see immediately in KODI.]]></description>
    </extension>
</addon>
