<?xml version="1.0.1" encoding="UTF-8" standalone="yes"?>
<addon id="repository.nvtteam" name="NVTTeam Repository" version="2.0.0" provider-name="NVTTeam">
	<extension point="xbmc.addon.repository" name="NVTTeam XBMC KODI Addon Repository">
		<info compressed="false">http://raw.github.com/Jebiveter/NVTTeam-Repo/master/addons.xml</info>
		<checksum>http://raw.github.com/Jebiveter/NVTTeam-Repo/master/addons.xml.md5</checksum>
		<datadir zip="true">http://raw.github.com/Jebiveter/NVTTeam-Repo/master/zips</datadir>
	</extension>
	<extension point="xbmc.addon.metadata">
		<summary>Install my Addons</summary>
		<description>Download and Install Addons from NVTTeam Repository</description>
		<platform>all</platform>
	</extension>
</addon>
