<?xml version="1.0" encoding="UTF-8"?>
<window>
	<defaultcontrol always="true">9000</defaultcontrol>
    <onload>RunScript(script.skinshortcuts,type=buildxml&amp;mainmenuID=9000&amp;group=mainmenu)</onload>	
	
	
	<controls>
		
		<include>CommonBackground</include>
		<control type="image">
			<left>0</left>
			<top>0</top>
			<width>1280</width>
			<height>720</height>
			<aspectratio>scale</aspectratio>
			<texture background="true">$INFO[Container(8000).ListItem.Art(fanart)]</texture>
			<fadetime>FanartCrossfadeTime</fadetime>
			<visible>![Player.HasVideo | Player.HasAudio] + !String.IsEmpty(Container(9000).ListItem.Property(widgetPath)) + !Skin.HasSetting(DisableWidgetFanart)</visible>
			
		</control>
		
						<control type="image">
							<description>background</description>
							<left>500</left>
							<top>0</top>
							<width>300</width>
							<height>120</height>
							<aspectratio>keep</aspectratio>
							<align>top</align>
							<texture>http://localhost:52307/getpvrthumb&amp;title=$INFO[Container(8000).ListItem.Title]&amp;type=clearlogo</texture>
							<visible>![Player.HasVideo | Player.HasAudio] + Skin.HasSetting(show_clearlogos) + !String.IsEmpty(Container(9000).ListItem.Property(widgetPath)) + !Skin.HasSetting(DisableWidgetFanart)</visible>
							<fadetime>500</fadetime>
						</control>	
<!-- 			<control type="image">
				<left>10</left>
				<top>280</top>
				<width>1260</width>
				<height>250</height>
				<texture>ContentPanel.png</texture>
				<fadetime>FanartCrossfadeTime</fadetime>
				<visible>Control.HasFocus(8000)</visible>
			</control>	 -->	
<!-- 		<control type="image">
			<left>210</left>
			<top>300</top>
			<width>350</width>
			<height>200</height>
			<aspectratio>scale</aspectratio>
			<texture background="true">$INFO[Container(8000).ListItem(0).Art(fanart)]</texture>
			<fadetime>FanartCrossfadeTime</fadetime>
			<visible>Control.HasFocus(8000)</visible>
		</control>	 -->

	
		<control type="label">
			<left>0</left>
			<top>5</top>
			<width>1280</width>
			<height>170</height>
			<font>font16</font>
			<align>center</align>
			<textcolor>white</textcolor>
			<shadowcolor>black</shadowcolor>
			<label>$INFO[Container(8000).ListItem.Label]</label>
			<fadetime>500</fadetime>
			<visible>!Control.HasFocus(8000) + ![Player.HasVideo | Player.HasAudio] + !Skin.HasSetting(show_clearlogos) + !String.IsEmpty(Container(9000).ListItem.Property(widgetPath))</visible>
		</control>	
		<control type="label">
			<left>0</left>
			<top>30</top>
			<width>1280</width>
			<height>170</height>
			<font>font_plot</font>
			<align>center</align>
			<textcolor>grey</textcolor>
			<shadowcolor>black</shadowcolor>
			<fadetime>500</fadetime>
			<label>$INFO[Container(8000).ListItem.Genre]</label>
			
			<visible>!Control.HasFocus(8000) + ![Player.HasVideo | Player.HasAudio] + !Skin.HasSetting(show_clearlogos) + !String.IsEmpty(Container(9000).ListItem.Property(widgetPath))</visible>
		</control>	
		<!-- Music Info -->
		<control type="group">
			<depth>DepthMenu</depth>
			<left>-4</left>
			<top>50</top>
			<visible>Player.HasAudio + IsEmpty(Window(VideoLibrary).Property(PlayingBackgroundMedia))</visible>
			<include>VisibleFadeEffect</include>
			<include>Window_OpenClose_Animation</include>
			<control type="image">
				<description>Cover image</description>
				<left>20</left>
				<top>45</top>
				<width>120</width>
				<height>300</height>
				<aspectratio aligny="bottom">keep</aspectratio>
				<texture fallback="DefaultAlbumCover.png">$INFO[Player.Art(thumb)]</texture>
				<bordertexture border="8">ThumbBorder.png</bordertexture>
				<bordersize>5</bordersize>
			</control>
			<control type="label">
				<description>Album Label</description>
				<left>160</left>
				<top>265</top>
				<height>25</height>
				<width>720</width>
				<label>$INFO[MusicPlayer.Artist,, - ]$INFO[MusicPlayer.Album]$INFO[MusicPlayer.Year, (,)]</label>
				<align>left</align>
				<aligny>center</aligny>
				<font>font12</font>
				<textcolor>white</textcolor>
				<shadowcolor>black</shadowcolor>
			</control>
			<control type="label">
				<description>Title label</description>
				<left>160</left>
				<top>285</top>
				<height>30</height>
				<width>720</width>
				<label>$INFO[Player.Title]</label>
				<align>left</align>
				<aligny>center</aligny>
				<font>Medium20</font>
				<textcolor>white</textcolor>
				<shadowcolor>black</shadowcolor>
			</control>
			<control type="label">
				<description>Time Label</description>
				<left>160</left>
				<top>310</top>
				<height>30</height>
				<width>300</width>
				<label>$INFO[Player.Time]$INFO[Player.Duration,[COLOR=blue] / [/COLOR]]</label>
				<align>left</align>
				<aligny>center</aligny>
				<font>font12</font>
				<textcolor>white</textcolor>
				<shadowcolor>black</shadowcolor>
			</control>
		</control>
		<!-- LiveTV Recording Info -->
		<control type="group">
			<depth>DepthMenu</depth>
			<left>490r</left>
			<top>70</top>
			<visible>[PVR.IsRecording | PVR.HasNonRecordingTimer]</visible><!--Container(9000).HasFocus(12)-->
			<include>VisibleFadeEffect</include>
			<include>Window_OpenClose_Animation</include>
			<!--
			<animation effect="fade" start="100" end="0" time="150" condition="Window.IsActive(Favourites)">conditional</animation>
			-->
			<control type="group">
				<animation effect="slide" start="0,0" end="0,100" time="0" condition="PVR.IsRecording">conditional</animation>
				<visible>PVR.HasNonRecordingTimer</visible>
				<control type="image">
					<left>325</left>
					<top>-5</top>
					<width>250</width>
					<height>90</height>
					<texture>gradient.png</texture>
					<!-- MOD -->
					<visible>!Container(9000).HasFocus(12)</visible>
					<animation effect="fade" start="100" end="0" time="350" delay="350">Hidden</animation>
				</control>
				<control type="image">
					<left>0</left>
					<top>-5</top>
					<width>490</width>
					<height>90</height>
					<texture>gradient.png</texture>
					<!-- MOD -->
					<visible>Container(9000).HasFocus(12)</visible>
					<animation effect="fade" start="0" end="100" time="650" delay="0">Visible</animation>
				</control>
				<control type="image">
					<left>400</left>
					<top>0</top>
					<width>80</width>
					<height>80</height>
					<aspectratio>keep</aspectratio>
					<texture background="true" fallback="DefaultVideoCover.png">$INFO[PVR.NextRecordingChannelIcon]</texture>
					<bordertexture border="8">ThumbBorder.png</bordertexture>
					<bordersize>4</bordersize>
				</control>
				<control type="image">
					<left>365</left>
					<top>5</top>
					<width>25</width>
					<height>25</height>
					<aspectratio>keep</aspectratio>
					<texture>PVR-HasTimer.png</texture>
				</control>
				<control type="label">
					<description>Next Timer Header label</description>
					<left>-45</left>
					<top>5</top>
					<height>25</height>
					<width>400</width>
					<label>$LOCALIZE[19157]</label>
					<align>right</align>
					<aligny>center</aligny>
					<font>font12_title</font>
					<textcolor>blue</textcolor>
					<shadowcolor>black</shadowcolor>
					<!-- MOD -->
					<visible>Container(9000).HasFocus(12)</visible>
					<animation effect="fade" start="0" end="100" time="300" delay="350">Visible</animation>
				</control>
				<control type="label">
					<description>NextRecordingDateTime</description>
					<left>-10</left>
					<top>30</top>
					<height>25</height>
					<width>400</width>
					<label>$INFO[PVR.NextRecordingDateTime,$LOCALIZE[19126] - ]</label>
					<align>right</align>
					<aligny>center</aligny>
					<font>font12</font>
					<scroll>true</scroll>
					<shadowcolor>black</shadowcolor>
					<!-- MOD -->
					<visible>Container(9000).HasFocus(12)</visible>
					<animation effect="fade" start="0" end="100" time="300" delay="350">Visible</animation>
				</control>
				<control type="label">
					<description>NextRecordingTitle Channel</description>
					<left>-410</left>
					<top>50</top>
					<height>25</height>
					<width>800</width>
					<label>$INFO[PVR.NextRecordingTitle][COLOR=grey]$INFO[PVR.NextRecordingChannel, - [COLOR=blue]([/COLOR],[COLOR=blue])[/COLOR]][/COLOR]</label>
					<align>right</align>
					<aligny>center</aligny>
					<font>font12_title</font>
					<shadowcolor>black</shadowcolor>
					<scroll>true</scroll>
					<!-- MOD -->
					<visible>Container(9000).HasFocus(12)</visible>
					<animation effect="fade" start="0" end="100" time="300" delay="350">Visible</animation>
				</control>
			</control>
			<control type="group">
				<visible>PVR.IsRecording</visible>
				<control type="image">
					<left>325</left>
					<top>-5</top>
					<width>250</width>
					<height>90</height>
					<texture>gradient.png</texture>
					<!-- MOD -->
					<visible>!Container(9000).HasFocus(12)</visible>
					<animation effect="fade" start="100" end="0" time="350" delay="350">Hidden</animation>
				</control>
				<control type="image">
					<left>0</left>
					<top>-5</top>
					<width>490</width>
					<height>90</height>
					<texture>gradient.png</texture>
					<!-- MOD -->
					<visible>Container(9000).HasFocus(12)</visible>
					<animation effect="fade" start="0" end="100" time="650" delay="0">Visible</animation>
				</control>
				<control type="image">
					<left>400</left>
					<top>0</top>
					<width>80</width>
					<height>80</height>
					<aspectratio>keep</aspectratio>
					<texture background="true" fallback="DefaultVideoCover.png">$INFO[PVR.NowRecordingChannelIcon]</texture>
					<bordertexture border="8">ThumbBorder.png</bordertexture>
					<bordersize>4</bordersize>
				</control>
				<control type="image">
					<left>360</left>
					<top>5</top>
					<width>30</width>
					<height>25</height>
					<aspectratio>keep</aspectratio>
					<texture>PVR-IsRecording.png</texture>
				</control>
				<control type="label">
					<description>Is Recording Header label</description>
					<left>-50</left>
					<top>5</top>
					<height>25</height>
					<width>400</width>
					<label>$LOCALIZE[19158]</label>
					<align>right</align>
					<aligny>center</aligny>
					<font>font12_title</font>
					<textcolor>blue</textcolor>
					<shadowcolor>black</shadowcolor>
					<!-- MOD -->
					<visible>Container(9000).HasFocus(12)</visible>
					<animation effect="fade" start="0" end="100" time="300" delay="350">Visible</animation>
				</control>
				<control type="label">
					<description>NextRecordingDateTime</description>
					<left>-10</left>
					<top>30</top>
					<height>25</height>
					<width>400</width>
					<label>$INFO[PVR.NowRecordingDateTime,$LOCALIZE[19126] - ]</label>
					<align>right</align>
					<aligny>center</aligny>
					<font>font12</font>
					<scroll>true</scroll>
					<shadowcolor>black</shadowcolor>
					<!-- MOD -->
					<visible>Container(9000).HasFocus(12)</visible>
					<animation effect="fade" start="0" end="100" time="300" delay="350">Visible</animation>
				</control>
				<control type="label">
					<description>NextRecordingTitle Channel</description>
					<left>-410</left>
					<top>50</top>
					<height>30</height>
					<width>800</width>
					<label>$INFO[PVR.NowRecordingTitle][COLOR=grey]$INFO[PVR.NowRecordingChannel, - [COLOR=blue]([/COLOR],[COLOR=blue])[/COLOR]][/COLOR]</label>
					<align>right</align>
					<aligny>center</aligny>
					<font>font12_title</font>
					<shadowcolor>black</shadowcolor>
					<scroll>true</scroll>
					<!-- MOD -->
					<visible>Container(9000).HasFocus(12)</visible>
					<animation effect="fade" start="0" end="100" time="300" delay="350">Visible</animation>
				</control>
			</control>
		</control>
		
		
		
		
		
		
		<!-- NOW PLAYING GROUP without MUSIC -->
		<control type="group">
			<depth>DepthMenu</depth>
			<left>-4</left>
			<top>25</top>
			<visible>Player.HasVideo + IsEmpty(Window(VideoLibrary).Property(PlayingBackgroundMedia))</visible>
			<include>VisibleFadeEffect</include>
			<include>Window_OpenClose_Animation</include>
			
			
			
			<!-- Video Info -->
			<control type="group">
				<top>100</top>
				<visible>!VideoPlayer.Content(Movies) + !VideoPlayer.Content(Episodes) + IsEmpty(VideoPlayer.TVShowTitle) + !VideoPlayer.Content(LiveTV)</visible>
				<control type="image">
					<description>Cover image</description>
					<left>20</left>
					<top>45</top>
					<width>150</width>
					<height>300</height>
					<aspectratio aligny="bottom">keep</aspectratio>
					<texture fallback="DefaultVideoCover.png">$INFO[Player.Art(thumb)]</texture>
					<bordertexture border="8">ThumbBorder.png</bordertexture>
					<bordersize>5</bordersize>
				</control>
				<control type="label">
					<description>Title label</description>
					<left>190</left>
					<top>285</top>
					<height>30</height>
					<width>720</width>
					<label>$INFO[Player.Title]</label>
					<align>left</align>
					<aligny>center</aligny>
					<font>Medium20</font>
					<textcolor>white</textcolor>
					<shadowcolor>black</shadowcolor>
				</control>
				<control type="label">
					<description>Time Label</description>
					<left>190</left>
					<top>310</top>
					<height>30</height>
					<width>300</width>
					<label>$INFO[Player.Time]$INFO[Player.Duration,[COLOR=blue] / [/COLOR]]</label>
					<align>left</align>
					<aligny>center</aligny>
					<font>font12</font>
					<textcolor>white</textcolor>
					<shadowcolor>black</shadowcolor>
				</control>
			</control>
			
			
			
			<!-- TV Info -->
			<control type="group">
				<visible>VideoPlayer.Content(LiveTV)</visible>
				<top>100</top>
				<control type="image">
					<description>Cover image</description>
					<left>20</left>
					<top>45</top>
					<width>120</width>
					<height>300</height>
					<aspectratio aligny="bottom">keep</aspectratio>
					<texture fallback="DefaultVideoCover.png">$INFO[Player.Art(thumb)]</texture>
					<bordertexture border="8">ThumbBorder.png</bordertexture>
					<bordersize>5</bordersize>
				</control>
				<control type="label">
					<description>Channel label</description>
					<left>160</left>
					<top>265</top>
					<height>25</height>
					<width>660</width>
					<label>$INFO[VideoPlayer.ChannelName]$INFO[VideoPlayer.EpisodeName, (,)]</label>
					<align>left</align>
					<aligny>center</aligny>
					<font>font12</font>
					<textcolor>white</textcolor>
					<shadowcolor>black</shadowcolor>
				</control>
				<control type="label">
					<description>Title label</description>
					<left>160</left>
					<top>285</top>
					<height>30</height>
					<width>720</width>
					<label>$INFO[Player.Title]</label>
					<align>left</align>
					<aligny>center</aligny>
					<font>Medium20</font>
					<textcolor>white</textcolor>
					<shadowcolor>black</shadowcolor>
				</control>
				<control type="label">
					<description>Time Label</description>
					<left>160</left>
					<top>310</top>
					<height>30</height>
					<width>300</width>
					<label>$INFO[Player.Time]$INFO[Player.Duration,[COLOR=blue] / [/COLOR]]</label>
					<align>left</align>
					<aligny>center</aligny>
					<font>font12</font>
					<textcolor>white</textcolor>
					<shadowcolor>black</shadowcolor>
				</control>
			</control>
			
			
			
			<!-- MOVIE Info -->
			<control type="group">
				<visible>VideoPlayer.Content(Movies)</visible>
				<top>100</top>
				<control type="image">
					<description>Cover image</description>
					<left>20</left>
					<top>45</top>
					<width>120</width>
					<height>300</height>
					<aspectratio aligny="bottom">keep</aspectratio>
					<texture fallback="DefaultVideoCover.png">$INFO[Player.Art(thumb)]</texture>
					<bordertexture border="8">ThumbBorder.png</bordertexture>
					<bordersize>5</bordersize>
				</control>
				<control type="label">
					<description>Studio label</description>
					<left>160</left>
					<top>265</top>
					<height>25</height>
					<width>720</width>
					<label>$INFO[VideoPlayer.Year,,    ]$INFO[VideoPlayer.Studio]</label>
					<align>left</align>
					<aligny>center</aligny>
					<font>font12</font>
					<textcolor>grey</textcolor>
					<shadowcolor>black</shadowcolor>
				</control>
				<control type="label">
					<description>Title label</description>
					<left>160</left>
					<top>285</top>
					<height>30</height>
					<width>720</width>
					<label>$INFO[Player.Title]</label>
					<align>left</align>
					<aligny>center</aligny>
					<font>Medium20</font>
					<textcolor>white</textcolor>
					<shadowcolor>black</shadowcolor>
				</control>
				<control type="label">
					<description>Time Label</description>
					<left>160</left>
					<top>310</top>
					<height>30</height>
					<width>300</width>
					<label>$INFO[Player.Time]$INFO[Player.Duration,[COLOR=blue] / [/COLOR]]</label>
					<align>left</align>
					<aligny>center</aligny>
					<font>font12</font>
					<textcolor>white</textcolor>
					<shadowcolor>black</shadowcolor>
				</control>
			</control>
			
			
			
			<!-- EPISODES Info -->
			<control type="group">
				<visible>VideoPlayer.Content(Episodes) | !IsEmpty(VideoPlayer.TVShowTitle)</visible>
				<top>100</top>
				<control type="image">
					<description>Cover image</description>
					<left>20</left>
					<top>45</top>
					<width>150</width>
					<height>300</height>
					<aspectratio aligny="bottom">keep</aspectratio>
					<texture fallback="DefaultVideoCover.png">$INFO[Player.Art(thumb)]</texture>
					<bordertexture border="8">ThumbBorder.png</bordertexture>
					<bordersize>5</bordersize>
				</control>
				<control type="label">
					<description>TV Show Season Ep Label</description>
					<left>190</left>
					<top>265</top>
					<height>25</height>
					<width>720</width>
					<label>$INFO[VideoPlayer.TVShowTitle] ($INFO[VideoPlayer.Season,$LOCALIZE[20373] , - ]$INFO[VideoPlayer.episode,$LOCALIZE[20359] ,])$INFO[VideoPlayer.Premiered, (,)]</label>
					<align>left</align>
					<aligny>center</aligny>
					<font>font12</font>
					<textcolor>white</textcolor>
					<shadowcolor>black</shadowcolor>
				</control>
				<control type="label">
					<description>Title label</description>
					<left>190</left>
					<top>285</top>
					<height>30</height>
					<width>720</width>
					<label>$INFO[Player.Title]</label>
					<align>left</align>
					<aligny>center</aligny>
					<font>Medium20</font>
					<textcolor>white</textcolor>
					<shadowcolor>black</shadowcolor>
				</control>
				<control type="label">
					<description>Time Label</description>
					<left>190</left>
					<top>310</top>
					<height>30</height>
					<width>300</width>
					<label>$INFO[Player.Time]$INFO[Player.Duration,[COLOR=blue] / [/COLOR]]</label>
					<align>left</align>
					<aligny>center</aligny>
					<font>font12</font>
					<textcolor>white</textcolor>
					<shadowcolor>black</shadowcolor>
				</control>
			</control>
			
			
			
		</control>
		<control type="button" id="9003">
			<description>Hidden Button to pass through navigation when recently added is disabled</description>
			<left>-20</left>
			<top>-20</top>
			<width>1</width>
			<height>1</height>
			<label>-</label>
			<font>-</font>
			<texturefocus>-</texturefocus>
			<texturenofocus>-</texturenofocus>
			<onleft>9000</onleft>
			<onright>9000</onright>
			<onup>20</onup>
			<ondown>608</ondown>
			<visible>false</visible>
		</control>


		<!-- HOME MENU -->


		<control type="group">
			<depth>DepthMenu</depth>
			<top>400</top>
			<!-- TRANSPARENCY TEST -->
			<include>Window_OpenClose_Animation</include>	

			<control type="image">
				<left>-10</left>
				<top>140</top>
				<width>1320</width>
				<height>90</height>
				<texture flipy="true">ContentPanel.png</texture>
			</control>
			
			<control type="multiimage" id="1">
				  
					<left>0</left>
					<top>140</top>
					<width>1280</width>
					<height>10</height>				  
					<visible>!Skin.HasSetting(DisableEvolutionBar)</visible>
				  <imagepath>special://skin/bob</imagepath>
				  
				  <timeperimage>5000</timeperimage>
				  <fadetime>2000</fadetime>
				  
				  <randomize>true</randomize>
				  <loop>yes</loop>
				  <aspectratio>stretch</aspectratio>
			</control>
			<control type="image">
				<left>-10</left>
				<top>240</top>
				<width>1320</width>
				<height>400</height>
				<texture>ContentPanel.png</texture>
				
			</control>
			<control type="multiimage" id="1">
				  
					<left>0</left>
					<top>220</top>
					<width>1280</width>
					<height>10</height>				  
					<visible>!Skin.HasSetting(DisableEvolutionBar)</visible>
				  <imagepath>special://skin/bob</imagepath>
				  
				  <timeperimage>5000</timeperimage>
				  <fadetime>2000</fadetime>
				  
				  <randomize>true</randomize>
				  <loop>yes</loop>
				  <aspectratio>stretch</aspectratio>
			</control>

            <control type="image">
                <description>Busy animation</description>
				<left>610</left>
				<top>50</top>
				<width>64</width>
				<height>64</height>
				<visible>![Player.HasVideo | Player.HasAudio] + Container(8000).IsUpdating + !String.IsEmpty(Container(9000).ListItem.Property(widgetPath))</visible>
				<aspectratio>keep</aspectratio>
                <animation effect="rotate" condition="true" start="360" end="0" loop="true" time="1000" center="auto">Conditional</animation>
                <texture colordiffuse="blue">special://skin/media/busy/loading-spinner.png</texture>
                <aspectratio>keep</aspectratio>
            </control>

			
			
			<control type="wraplist" id="8000">
					<visible>![Player.HasVideo | Player.HasAudio] + !String.IsEmpty(Container(9000).ListItem.Property(widgetPath))</visible>
								   
					<animation effect="slide" start="0,0" end="90,0" time="0" condition="StringCompare(Container(8000).NumItems,4)">conditional</animation>
					<animation effect="slide" start="0,0" end="180,0" time="0" condition="StringCompare(Container(8000).NumItems,3)">conditional</animation>
					<animation effect="slide" start="0,0" end="270,0" time="0" condition="StringCompare(Container(8000).NumItems,2)">conditional</animation>
					<animation effect="slide" start="0,0" end="360,0" time="0" condition="StringCompare(Container(8000).NumItems,1)">conditional</animation>
					<left>-235</left>
					<top>-80</top>
					<width>2000</width>
					<height>210</height>
					<onleft>8000</onleft>
					<onright>8000</onright>
					<focusposition>5</focusposition>
					<onup>20</onup>
					
					<ondown>9000</ondown>
					<viewtype label="535">list</viewtype>
					<pagecontrol>-</pagecontrol>
					<scrolltime tween="sine" easing="out">500</scrolltime>
					<autoscroll time="10000">!Control.HasFocus(8000)</autoscroll>
					<orientation>Horizontal</orientation>
					<itemlayout height="210" width="160">
						<control type="image">
							<left>0</left>
							<top>0</top>
							<width>151</width>
							<height>210</height>
							<texture>ContentPanel.png</texture>
							<fadetime>FanartCrossfadeTime</fadetime>
							
						</control>

								<control type="image">
									<left>5</left>
									<top>5</top>
									<width>141</width>
									<height>200</height>
									<aspectratio>scale</aspectratio>
									<texture background="true" colordiffuse="grey">$INFO[ListItem.Icon]</texture>
									
									
								</control>
							
					</itemlayout>
					<focusedlayout height="210" width="160">
						<control type="image">
							<left>0</left>
							<top>0</top>
							<width>151</width>
							<height>210</height>
							<texture>ContentPanel.png</texture>
							<fadetime>FanartCrossfadeTime</fadetime>
							
						</control>
						<control type="image">

							<description>background</description>
							<left>0</left>
							<top>0</top>
							<width>151</width>
							<height>210</height>
							<texture border="20">button-focus.png</texture>
							<visible>Control.HasFocus(8000)</visible>
						</control>	
				
								<control type="image">
									<left>5</left>
									<top>5</top>
									<width>141</width>
									<height>200</height>
									<aspectratio>scale</aspectratio>
									<texture background="true">$INFO[ListItem.Icon]</texture>
									
									
								</control>	
	
					</focusedlayout>
					<content target="$INFO[Container(9000).ListItem.Property(widgetTarget)]" limit="$INFO[Skin.String(CustomWidgetLimit)]">$INFO[Container(9000).ListItem.Property(widgetPath)]</content>

				</control>
		</control>


		<control type="label">
			<left>0</left>
			<top>558</top>
			<width>1280</width>
			<height>60</height>
			<font>font_MainMenu</font>
			<align>center</align>
			<textcolor>white</textcolor>
			<animation effect="fade" start="0" end="100" time="100" condition="Control.HasFocus(8000)">conditional</animation>
			<label>$INFO[Container(8000).ListItem.Label]</label>
			<fadetime>500</fadetime>
			<visible>![Player.HasVideo | Player.HasAudio] + !String.IsEmpty(Container(9000).ListItem.Property(widgetPath)) + Control.HasFocus(8000)</visible>
		</control>		
		
		<control type="grouplist" id="9500">
			<include>Window_OpenClose_Animation</include>			
			<posy>558</posy>			
			<width>1280</width>
			<height>60</height>
			<itemgap>0</itemgap>
			<align>top</align>
			<focusposition>0</focusposition>
			<usecontrolcoords>true</usecontrolcoords>
			<onleft>9000</onleft>
			<onup>8000</onup>
			<ondown>10</ondown>
			<scrolltime tween="sine" easing="out">300</scrolltime>
			<orientation>vertical</orientation>
			<animation effect="fade" start="100" end="0" time="0" condition="!String.IsEmpty(Container(9000).ListItem.Property(widgetPath)) + Control.HasFocus(8000)">conditional</animation>
			
			<onup>666</onup>

				<control type="wraplist" id="9000">
				<left>-110</left>
				
				<width>1500</width>
				<height>60</height>
				<onleft>9000</onleft>
				<onright>9000</onright>
				<onup>8000</onup>
				<ondown>9002</ondown>
				<pagecontrol>-</pagecontrol>
				<scrolltime tween="sine" easing="out">500</scrolltime>
				<focusposition>2</focusposition>

				<orientation>Horizontal</orientation>
				<itemlayout height="60" width="300">

					<control type="label">
						<left>5</left>
						<top>0</top>
						<width>290</width>
						<height>60</height>
						<font>font_MainMenu</font>
						<textcolor>grey3</textcolor>
						<align>center</align>
						<aligny>center</aligny>
						<label>$INFO[ListItem.Label]</label>
					</control>
				</itemlayout>
				<focusedlayout height="60" width="300">


					<control type="label">
						<left>5</left>
						<top>0</top>
						<width>290</width>
						<height>60</height>
						<font>font_MainMenu</font>
						<textcolor>grey3</textcolor>
						<align>center</align>
						<aligny>center</aligny>
						<label>$INFO[ListItem.Label]</label>
					</control>
					<control type="label">
						<left>5</left>
						<top>0</top>
						<width>290</width>
						<height>60</height>
						<font>font_MainMenu</font>
						<textcolor>white</textcolor>
						<align>center</align>
						<aligny>center</aligny>
						<label>$INFO[ListItem.Label]</label>
						<visible>Control.HasFocus(9000)</visible>
						<include>VisibleFadeEffect</include>
					</control>
				</focusedlayout>
				<content>
					<include>skinshortcuts-mainmenu</include>			
				</content>
			</control>			
			
			<control type="wraplist" id="9002">
				<left>-265</left>
				
				<width>1600</width>
				<height>60</height>
				<onleft>9000</onleft>
				<onright>9000</onright>
				<onup>9000</onup>
				<ondown>10</ondown>
				<pagecontrol>-</pagecontrol>
				<scrolltime tween="sine" easing="out">500</scrolltime>
				<focusposition>2</focusposition>
				
				<orientation>Horizontal</orientation>
				<itemlayout height="80" width="400">
						<control type="image">
							<left>0</left>
							<top>0</top>
							<width>60</width>
							<height>60</height>
							<texture background="true" colordiffuse="$VAR[UnfocusColordiffuse]">$INFO[ListItem.Icon]</texture>
							<bordersize>5</bordersize>
							<aspectratio align="left">keep</aspectratio>
						</control>
					<control type="label">
						<left>70</left>
						<top>0</top>
						<width>320</width>
						<height>60</height>
						<font>font_MainMenu</font>
						<textcolor>grey3</textcolor>
						<align>left</align>
						<aligny>center</aligny>
						<label>$INFO[ListItem.Label]</label>
					</control>
				</itemlayout>
				<focusedlayout height="80" width="400">
						<control type="image">
							<left>0</left>
							<top>0</top>
							<width>60</width>
							<height>60</height>
							<texture background="true" colordiffuse="$VAR[UnfocusColordiffuse]">$INFO[ListItem.Icon]</texture>
							<bordersize>5</bordersize>
							<aspectratio align="left">keep</aspectratio>
						</control>

					<control type="label">
						<left>70</left>
						<top>0</top>
						<width>320</width>
						<height>60</height>
						<font>font_MainMenu</font>
						<textcolor>grey3</textcolor>
						<align>left</align>
						<aligny>center</aligny>
						<label>$INFO[ListItem.Label]</label>
					</control>
					<control type="label">
						<left>70</left>
						<top>0</top>
						<width>320</width>
						<height>60</height>
						<font>font_MainMenu</font>
						<textcolor>white</textcolor>
						<align>left</align>
						<aligny>center</aligny>
						<label>$INFO[ListItem.Label]</label>
						<visible>Control.HasFocus(9002)</visible>
						<include>VisibleFadeEffect</include>
					</control>
				</focusedlayout>
				<content>
					<include>skinshortcuts-submenu</include>			
				</content>
			</control>

		</control>
			<control type="image">
				<left>625</left>
				<top>650</top>
				<width>32</width>
				<height>32</height>
				<texture colordiffuse="white">scroll-up.png</texture>
				
				<visible>Control.HasFocus(9002)</visible>
			</control>
			<control type="image">
				<left>625</left>
				<top>650</top>
				<width>32</width>
				<height>32</height>
				<texture colordiffuse="white">scroll-up.png</texture>
				
				<visible>Control.HasFocus(9002)</visible>
			</control>
			<control type="image">
				<left>625</left>
				<top>650</top>
				<width>32</width>
				<height>32</height>
				<texture flipy="true" colordiffuse="white">scroll-up.png</texture>
				
				<visible>Control.HasFocus(9000) + String.IsEqual(Container(9000).ListItem.Property(hasSubmenu),True)</visible>
			</control>
			<control type="image">
				<left>625</left>
				<top>650</top>
				<width>32</width>
				<height>32</height>
				<texture flipy="true" colordiffuse="white">scroll-up.png</texture>
				
				<visible>Control.HasFocus(9000) + String.IsEqual(Container(9000).ListItem.Property(hasSubmenu),True)</visible>
			</control>
		<control type="group">
			<depth>DepthMenu-</depth>
			<left>0</left>
			<top>32r</top>
			<visible>System.GetBool(lookandfeel.enablerssfeeds)</visible>
			<include>Window_OpenClose_Animation</include>
			<control type="rss">
				<description>RSS feed</description>
				<left>124</left><!-- 100 -->
				<top>0</top>
				<height>30</height>
				<width>1122</width><!-- 1145 + 1-->
				<font>font12</font>
				<urlset>1</urlset>
				<textcolor>blue</textcolor>
				<titlecolor>blue</titlecolor>
				<headlinecolor>grey2</headlinecolor>
				<visible>![Skin.HasSetting(HomeMenuHasFavoritesButton) + ![[!Skin.HasSetting(HomeMenuNoMovieButton) + Library.HasContent(Movies)] + [!Skin.HasSetting(HomeMenuNoTVShowButton) + Library.HasContent(TVShows)] + [!Skin.HasSetting(HomeMenuNoVideosButton)] + [System.GetBool(pvrmanager.enabled)] + [System.GetBool(pvrmanager.enabled) + !Skin.HasSetting(HomeMenuNoPVRRadioButton)] + [!Skin.HasSetting(HomeMenuNoMusicButton)] + [!Skin.HasSetting(HomeMenuNoPicturesButton)] + [!Skin.HasSetting(HomeMenuNoWeatherButton) + !IsEmpty(Weather.Plugin)] + [!Skin.HasSetting(HomeMenuNoProgramsButton)] + [System.HasMediaDVD]]]</visible>
				<animation effect="fade" end="85" time="0" condition="true">Conditional</animation><!-- 80 before floor removal -->
			</control>
			<control type="rss">
				<description>RSS feed</description>
				<left>70</left><!-- 46 -->
				<top>0</top>
				<height>30</height>
				<width>1176</width><!-- 1199 + 1-->
				<font>font12</font>
				<urlset>1</urlset>
				<textcolor>blue</textcolor>
				<titlecolor>blue</titlecolor>
				<headlinecolor>grey2</headlinecolor>
				<visible>[Skin.HasSetting(HomeMenuHasFavoritesButton) + ![[!Skin.HasSetting(HomeMenuNoMovieButton) + Library.HasContent(Movies)] + [!Skin.HasSetting(HomeMenuNoTVShowButton) + Library.HasContent(TVShows)] + [!Skin.HasSetting(HomeMenuNoVideosButton)] + [System.GetBool(pvrmanager.enabled)] + [System.GetBool(pvrmanager.enabled) + !Skin.HasSetting(HomeMenuNoPVRRadioButton)] + [!Skin.HasSetting(HomeMenuNoMusicButton)] + [!Skin.HasSetting(HomeMenuNoPicturesButton)] + [!Skin.HasSetting(HomeMenuNoWeatherButton) + !IsEmpty(Weather.Plugin)] + [!Skin.HasSetting(HomeMenuNoProgramsButton)] + [System.HasMediaDVD]]]</visible>
				<animation effect="fade" end="85" time="0" condition="true">Conditional</animation><!-- 80 before floor removal -->
			</control>
			<control type="image">
				<description>RSS background</description>
				<left>1250</left>
				<top>0</top>
				<width>24</width>
				<height>24</height>
				<texture>icon-rss.png</texture>
			</control>
		</control>


		<control type="group" id="10">
			<depth>DepthFooter</depth>
			<left>20</left>
			<top>55r</top>
			<include>Window_OpenClose_Animation</include>
			
			
			
			<control type="button" id="20"><!-- 20 -->
				<description>Power push button</description>
				<left>0</left><!-- 55 -->
				<top>0</top>
				<width>45</width>
				<height>45</height>
				<label>31003</label>
				<font>-</font>
				<onclick>ActivateWindow(ShutdownMenu)</onclick>
				<texturefocus border="5">floor_buttonFO.png</texturefocus>
				<texturenofocus border="5">-</texturenofocus>
				<onleft>21</onleft><!-- 21 -->
				<onright>21</onright><!-- 21 -->
				<onup>9002</onup>
				<!--<ondown>9003</ondown>-->
			</control>
			<control type="image">
				<description>Power Icon</description>
				<left>5</left><!-- 60 -->
				<top>5</top>
				<width>35</width>
				<height>35</height>
				<aspectratio>keep</aspectratio>
				<texture>icon_power.png</texture>
				<animation effect="fade" end="55" time="0" condition="true">Conditional</animation>
				
				<visible>!Control.HasFocus(20)</visible>
				
			</control>
			<control type="image">
				<description>Power Icon</description>
				<left>5</left><!-- 60 -->
				<top>5</top>
				<width>35</width>
				<height>35</height>
				<aspectratio>keep</aspectratio>
				<texture>icon_power.png</texture>
				
				<visible>Control.HasFocus(20)</visible>
				
			</control>
			
			<control type="group">
				<control type="button" id="21"><!-- 21 -->
					<description>Favourites push button</description>
					<left>55</left><!-- 0 -->
					<top>0</top>
					<width>45</width>
					<height>45</height>
					<label>1036</label>
					<font>-</font>
					<onclick>ActivateWindow(Favourites)</onclick>
					<texturefocus border="5">floor_buttonFO.png</texturefocus>
					<texturenofocus border="5">-</texturenofocus>
					<onleft>20</onleft><!-- 20 -->
					<onright>20</onright><!-- 20 -->
					<onup>9002</onup>
					<!--<ondown>9003</ondown>-->
				</control>
				<control type="image">
					<description>Favourites Icon</description>
					<left>60</left><!-- 5 -->
					<top>5</top>
					<width>35</width>
					<height>35</height>
					<aspectratio>keep</aspectratio>
					<texture>icon_favourites.png</texture>
					<animation effect="fade" end="55" time="0" condition="true">Conditional</animation>
					
					<visible>!Control.HasFocus(21)</visible>
				</control>
				<control type="image">
					<description>Favourites Icon</description>
					<left>60</left><!-- 5 -->
					<top>5</top>
					<width>35</width>
					<height>35</height>
					<aspectratio>keep</aspectratio>
					<texture>icon_favourites.png</texture>
					<visible>Control.HasFocus(21)</visible>
				</control>
			</control>
			
			
			
		</control>



		<control type="group">
			<depth>DepthHeader</depth>
			<include>Window_OpenClose_Animation</include>
			
			
			
			<!-- MINI WEATHER INFO TOP LEFT -->
			<control type="group">
				<left>25</left>´
				<top>5</top>
				<visible>Skin.HasSetting(homepageWeatherinfo) + !IsEmpty(Weather.Plugin)</visible>
				<include>Window_OpenClose_Animation</include>
				<control type="image">
					<description>Weather image</description>
					<left>0</left>
					<top>10</top>
					<width>40</width>
					<height>40</height>
					<aspectratio>keep</aspectratio>
					<texture>$INFO[Weather.Conditions]</texture>
				</control>
				<control type="grouplist">
					<left>60</left>
					<top>10</top>
					<width>1000</width>
					<height>100</height>
					<orientation>vertical</orientation>
					<align>left</align>
					<itemgap>0</itemgap>
					<control type="label">
						<description>Temp Units</description>
						<width min="0" max="250">auto</width>
						<height>22</height>
						<font>font10</font>
						<aligny>left</aligny>
						<label>$INFO[Weather.Temperature,,  ]$INFO[Window(Weather).Property(Location)]</label>
						<textcolor>white</textcolor>
						<shadowcolor>black</shadowcolor>
						
					</control>
					<control type="label">
						<description>Temp Units</description>
						<width min="0" max="250">auto</width>
						<top>15</top>
						<height>22</height>
						<font>font10</font>
						<aligny>left</aligny>
						<label>$INFO[Weather.Conditions]</label>
						<textcolor>white</textcolor>
						<shadowcolor>black</shadowcolor>
						
					</control>
					
				</control>
			</control>
			
			
			
			
			
			
			<!-- <include>Clock</include> -->
<!-- 			<control type="label">
				<description>Date label</description>
				<right>20</right>
				<top>35</top>
				<width>500</width>
				<height>15</height>
				<align>right</align>
				<aligny>center</aligny>
				<font>font10</font>
				<textcolor>white</textcolor>
				<shadowcolor>black</shadowcolor>
				<label>$INFO[System.Date]</label>
				<include>Window_OpenClose_Animation</include>
				<animation effect="slide" start="0,0" end="-40,0" time="75" condition="Window.IsVisible(Mutebug)">conditional</animation>
			</control> -->
		</control>




		<control type="label">
			<description>time label</description>
			<right>20</right>
			<top>660</top>
			<width>200</width>
			<height>30</height>
			<align>right</align>
			<aligny>center</aligny>
			<font>font30</font>
			<textcolor>blue</textcolor>
			<shadowcolor>black</shadowcolor>
			<label>$INFO[System.Time]</label>
			<include>Window_OpenClose_Animation</include>
		</control>		




		<control type="label">
				<include>Window_OpenClose_Animation</include>
				<description>Date label</description>
				<right>20</right>
				<top>690</top>
				<width>500</width>
				<height>15</height>
				<align>right</align>
				<aligny>center</aligny>
				<font>font10</font>
				<textcolor>grey2</textcolor>
				<shadowcolor>black</shadowcolor>
				<label>$INFO[System.Date]</label>
				<include>Window_OpenClose_Animation</include>
				<animation effect="slide" start="0,0" end="-40,0" time="75" condition="Window.IsVisible(Mutebug)">conditional</animation>
			</control>		
		
		<!--<include condition="!Skin.HasSetting(StartupDone)">StartupFadeInPossible</include>-->
		
		
		
	</controls>
</window>
