<?xml version="1.0" encoding="UTF-8" standalone="yes"?>
<addon id="plugin.video.nvtpopcorntime" name="Popcorn Time" version="1.0.3" provider-name="NVTTeam">
    <requires>
        <import addon="xbmc.python" version="2.19.0"/>
    </requires>
    <extension point="xbmc.python.pluginsource" library="addon.py">
        <provides>video</provides>
    </extension>
    <extension point="xbmc.addon.metadata">
        <platform>all</platform>
        <website></website>
        <forum></forum>
        <source></source>
        <language>Slovenian</language>
        <license><![CDATA[GNU GENERAL PUBLIC LICENSE. Version 3, 29 June 2007]]></license>
        <summary><![CDATA[NVTTeam Popcorn Time: Predvajanje filmov v trenutku.]]></summary>
        <description><![CDATA[NVTTeam Popcorn Je Dodatek za Iskanje in Predvajanje Filmov v Trenutku.]]></description>
		<disclaimer lang="en">The author does not host or distribute any of the content displayed by this addon. The author does not have any affiliation with the content provider.</disclaimer>
    </extension>
</addon>
