<?xml version="1.0" encoding="UTF-8"?>
<!-- Foundation -->
<window id="107">
    <allowoverlay>no</allowoverlay>

    <controls>

        <control type="group">
            <visible>!Window.IsVisible(DialogVolumeBar.xml)</visible>
            <posx>680r</posx>
            <posy>70</posy>
            <width>660</width>
            <height>100</height>
            <include>Animation.FadeIn.Slide</include>
            <include>Animation.FadeOut</include>
    
            <control type="image">
                <description>background image</description>
                <posx>0</posx>
                <posy>0</posy>
                <width>660</width>
                <height>100</height>
                <texture border="16" colordiffuse="OSDBack">common/rounded-shadow8.png</texture>
            </control>

            <control type="group">
                
                <control type="image" id="400">
                    <left>20</left>
                    <centertop>50%</centertop>
                    <width>64</width>
                    <height>64</height>
                    <aspectratio>keep</aspectratio>
                    <texture colordiffuse="PanelWhite70">kaitoast/info.png</texture>
                </control>
                <control type="image" id="403">
                    <left>20</left>
                    <centertop>50%</centertop>
                    <width>64</width>
                    <height>64</height>
                    <aspectratio>keep</aspectratio>
                    <texture colordiffuse="PanelWhite70">kaitoast/info.png</texture>
                    <visible>false</visible>
                </control>
                <control type="image" id="404">
                    <left>20</left>
                    <centertop>50%</centertop>
                    <width>64</width>
                    <height>64</height>
                    <aspectratio>keep</aspectratio>
                    <texture colordiffuse="PanelWhite70">kaitoast/warning.png</texture>
                    <visible>false</visible>
                </control>
                <control type="image" id="405">
                    <left>20</left>
                    <centertop>50%</centertop>
                    <width>64</width>
                    <height>64</height>
                    <aspectratio>keep</aspectratio>
                    <texture colordiffuse="PanelWhite70">kaitoast/error.png</texture>
                    <visible>false</visible>
                </control>
                
                <control type="label" id="401">
                    <left>104</left>
                    <width>536</width>
                    <top>22</top>
                    <height>24</height>
                    <aligny>center</aligny>
                    <font>TinyBold</font>
                    <textcolor>PanelWhite70</textcolor>
                </control>
                <control type="label" id="402">
                    <left>104</left>
                    <width>536</width>
                    <bottom>22</bottom>
                    <height>24</height>
                    <aligny>center</aligny>
                    <font>Tiny</font>
                    <textcolor>PanelWhite70</textcolor>
                </control>

            </control>
        </control>
        
    </controls>

</window>
