<?xml version="1.0" encoding="UTF-8"?>
<!-- Foundation -->
<window id="129">
    <defaultcontrol always="true">10</defaultcontrol>
    <allowoverlay>no</allowoverlay>

    <controls>

        <include>GlobalOverlay</include>

        <control type="group">
            <include>DefDialogBackground</include>
            
            <control type="label" id="0">
                <include>DefDialogHeader</include>
                <label>1021</label>
            </control>
            
            <control type="image">
                <posx>705</posx>
                <top>120</top>
                <height>483</height>
                <width>1</width>
                <texture colordiffuse="Black12">common/white.png</texture>
            </control>

            <control type="list" id="10">
                <posx>8</posx>
                <posy>120</posy>
                <width>696</width>
                <height>483</height>
                <onup>19</onup>
                <onleft>9000</onleft>
                <onright>9000</onright>
                <ondown>12</ondown>
                <itemlayout height="69" width="1064">

                    <control type="label">
                        <left>30</left>
                        <right>30</right>
                        <font>SmallBold</font>
                        <textcolor>Black70</textcolor>
                        <height>66</height>
                        <aligny>center</aligny>
                        <info>ListItem.Label</info>
                    </control>

                    <control type="label">
                        <left>30</left>
                        <right>30</right>
                        <textcolor>Black70</textcolor>
                        <align>right</align>
                        <height>66</height>
                        <aligny>center</aligny>
                        <info>ListItem.Label2</info>
                    </control>

                </itemlayout>

                <focusedlayout height="69" width="1064">

                    <control type="image">
                        <left>0</left>
                        <right>0</right>
                        <height>66</height>
                        <texture border="5" colordiffuse="Highlight">common/white.png</texture>
                        <animation effect="fade" start="100" end="50" condition="!Control.HasFocus(10)">Conditional</animation>
                    </control>

                    <control type="label">
                        <left>30</left>
                        <right>30</right>
                        <height>66</height>
                        <font>SmallBold</font>
                        <aligny>center</aligny>
                        <textcolor>Selected</textcolor>
                        <info>ListItem.Label</info>
                    </control>

                    <control type="label">
                        <left>30</left>
                        <right>30</right>
                        <align>right</align>
                        <height>66</height>
                        <aligny>center</aligny>
                        <textcolor>Selected</textcolor>
                        <info>ListItem.Label2</info>
                    </control>

                </focusedlayout>

            </control>

            <control type="grouplist" id="9000">
                <posx>738</posx>
                <posy>120</posy>
                <itemgap>3</itemgap>
                <orientation>vertical</orientation>
                <onleft>10</onleft>
                <onright>10</onright>

                <control type="button" id="11">
                    <description>Browse</description>
                    <include>DefDialogButtons</include>
                    <label>1024</label>
                </control>

                <control type="button" id="13">
                    <description>Add</description>
                    <include>DefDialogButtons</include>
                    <label>15019</label>
                </control>

                <control type="button" id="14">
                    <description>remove</description>
                    <include>DefDialogButtons</include>
                    <label>1210</label>
                </control>

            </control>

            <control type="label" id="0">
                <description>Name Label</description>
                <posx>38</posx>
                <posy>610</posy>
                <width>990</width>
                <label>1022</label>
            </control>

            <control type="edit" id="12">
                <description>Name</description>
                <left>38</left>
                <posy>672</posy>
                <label>-</label>
                <width>1004</width>
                <align>left</align>
                <textoffsetx>30</textoffsetx>
                <onup>10</onup>
                <onleft>12</onleft>
                <onright>18</onright>
                <ondown>19</ondown>
                <texturenofocus colordiffuse="Black12" border="5">common/box.png</texturenofocus>
                <include>DefDialogButtons</include>
            </control>

            <control type="button" id="18">
                <description>Ok</description>
                <centerleft>30%</centerleft>
                <posy>780</posy>
                <width>330</width>
                <label>186</label>
                <onup>12</onup>
                <onleft>20</onleft>
                <onright>19</onright>
                <ondown>10</ondown>
                <texturefocus colordiffuse="Highlight" border="5">common/box.png</texturefocus>
                <texturenofocus colordiffuse="Black12" border="5">common/box.png</texturenofocus>
                <include>DefDialogButtons</include>
            </control>

            <control type="button" id="19">
                <description>Cancel</description>
                <centerright>30%</centerright>
                <posy>780</posy>
                <width>330</width>
                <label>222</label>
                <onup>12</onup>
                <onleft>18</onleft>
                <onright>20</onright>
                <ondown>10</ondown>
                <texturefocus colordiffuse="Highlight" border="5">common/box.png</texturefocus>
                <texturenofocus colordiffuse="Black12" border="5">common/box.png</texturenofocus>
                <include>DefDialogButtons</include>
            </control>

        </control>

    </controls>

</window>
