<?xml version="1.0" encoding="UTF-8"?>
<!-- Foundation -->
<window id="2002">
    <defaultcontrol always="true">10</defaultcontrol>
    <allowoverlay>no</allowoverlay>
    <zorder>10</zorder>
    <controls>

        <include>GlobalOverlay</include>

        <control type="group">
            <include>DefDialogOK</include>
            <control type="button" id="10">
                <description>Ok</description>
                <right>15</right>
                <posy>285</posy>
                <width>270</width>
                <label>106</label>
                <onleft>11</onleft>
                <onright>11</onright>
                <onup>10</onup>
                <ondown>10</ondown>
                <font>Button</font>
                <texturefocus colordiffuse="Highlight" border="5">common/box.png</texturefocus>
                <texturenofocus colordiffuse="Black12" border="5">common/box.png</texturenofocus>
            </control>
        </control>

    </controls>

</window>
