<?xml version="1.0" encoding="UTF-8"?>
<addon id="skin.newkonfluence" version="100.3.0.57" name="New Konfluence" provider-name="NVTTeam">
	<requires>
		<import addon="xbmc.gui" version="5.12.0"/>
		<import addon="script.skinshortcuts" version="0.4.0" />
		<import addon="plugin.program.autocompletion" version="1.0.1" />
		<import addon="resource.images.studios.coloured" version="0.0.1" />
		<import addon="script.skin.helper.service" version="1.0.100" />
	</requires>
	<extension point="xbmc.gui.skin" debugging="false" effectslowdown="0.75">
		<res width="1280" height="720" aspect="16:9" default="true" folder="720p" />
	</extension>
	<extension point="xbmc.addon.metadata">
		<summary>Custom Made skin for easy Kodi</summary>
		<description>Easy Skin Easy Kodi... based on axbmcuser Confluence mod</description>
		<platform>all</platform>
		<license/>
		<forum></forum>
		<assets>
			<icon>resources/icon.png</icon>
		</assets>
	</extension>
</addon>
