﻿<?xml version="1.0" encoding="UTF-8" standalone="yes"?>
<addon id="plugin.video.gClone" name="gClone" version="1.0.1" provider-name="NVTTeam">
	<requires>
		<import addon="xbmc.python" version="2.1.0"/>
		<import addon="script.module.metahandler" optional="true"/>
		<import addon="script.module.simplejson" optional="true"/>
		<import addon="script.module.parsedom" optional="true"/>
		<import addon="plugin.video.youtube" optional="true"/>
	</requires>
	<extension point="xbmc.python.pluginsource" library="default.py">
		<provides>video</provides>
	</extension>
	<extension point="xbmc.service" library="service.py" start="startup">
	</extension>
	<extension point="xbmc.addon.metadata">
		<summary lang="en">The origins of streaming</summary>
		<description lang="en">Visit NVTTeam.com for support</description>
		<disclaimer lang="en">The author does not host or distribute any of the content displayed by this addon. 
		The author does not have any affiliation with the content provider.</disclaimer>
		<forum>http://forums.nvtteam.com</forum>
		<source></source>
		<website>https://www.nvtteam.com</website>
		<platform>all</platform>
	</extension>
</addon>