<?xml version="1.0" encoding="UTF-8" standalone="yes"?>
	<addon id="plugin.video.pornbeeg" name="Porn beeg" version="1.0.0" provider-name="NVTTeam">
		<requires>
			<import addon="xbmc.python" version="2.1.0"/>
		</requires>
		<extension point="xbmc.python.pluginsource" library="Default.py">
			<provides>video</provides>
		</extension>
		<extension point="xbmc.addon.metadata">
			<summary lang="en">High Quality Porn Videos from 8-40 Minutes Long</summary>
			<description lang="en">High Quality Porn Videos from 8-40 Minutes Long</description>
			<disclaimer>Adults Only! 18+</disclaimer>
			<license>GPL 3.0</license>
			<platform>all</platform>
			<forum></forum>
                <website>http://beeg.com/</website>
		</extension>
	</addon>
