<?xml version="1.0" encoding="UTF-8" standalone="yes"?>
<addon id="plugin.audio.sloradio" name="Slovenski Radio" version="1.0" provider-name="NVTTeam">
  <requires>
    <import addon="xbmc.python" version="2.1.0"/>
    <import addon="script.module.xbmcswift2" version="1.1.1"/>
  </requires>
  <extension point="xbmc.python.pluginsource" library="addon.py">
    <provides>audio</provides>
  </extension>
  <extension point="xbmc.addon.metadata">
    <platform>all</platform>
    <language></language>
    <summary>Poslušajte vse Slovenske radijske postaje.</summary>
    <description>Omogoča poslušanje Slovenskih radijskih postaj, kar preko XBMC/KODI.</description>
  </extension>
</addon>
