<?xml version="1.0" encoding="UTF-8" standalone="yes"?>
<addon id="plugin.video.nvtteam" name="NVTTeam Live TV" version="1.1.1" provider-name="NVTTeam">
  <requires>
    <import addon="xbmc.python" version="2.1.0"/>
  </requires>
  <extension point="xbmc.python.pluginsource" library="default.py">
        <provides>video</provides>
  </extension>
  <extension point="xbmc.addon.metadata">
    <summary lang="en">NVTTeam</summary>
    <description lang="en">Watch All Your Favourite Streams From NVTTeam Live TV</description>
    <platform>all</platform>
  </extension>
</addon>
