<?xml version="1.0" encoding="UTF-8"?>
<fonts>
	<fontset id="Default" idloc="31390">
		<!-- Normal Fonts -->
		<font>
			<name>font8</name>
			<filename>Roboto-Regular.ttf</filename>
			<size>11</size>
		</font>
		<font>
			<name>font10</name>
			<filename>Roboto-Regular.ttf</filename>
			<size>14</size>
		</font>
		<font>
			<name>font11</name>
			<filename>Roboto-Regular.ttf</filename>
			<size>16</size>
		</font>
		<font>
			<name>font12</name>
			<filename>Roboto-Regular.ttf</filename>
			<size>17</size>
		</font>
		<font>
			<name>font13</name>
			<filename>Roboto-Regular.ttf</filename>
			<size>20</size>
		</font>
		<font>
			<name>font14</name>
			<filename>Roboto-Regular.ttf</filename>
			<size>22</size>
		</font>
		<font>
			<name>font16</name>
			<filename>Roboto-Regular.ttf</filename>
			<size>25</size>
		</font>
		<font>
			<name>font30</name>
			<filename>Roboto-Regular.ttf</filename>
			<size>30</size>
		</font>
		<font>
			<name>fontContextMenu</name>
			<filename>Roboto-Regular.ttf</filename>
			<size>18</size>
		</font>
		<!-- Title Fonts -->
		<font>
			<name>font10_title</name>
			<filename>Roboto-Bold.ttf</filename>
			<size>12</size>
		</font>
		<font>
			<name>font12_title</name>
			<filename>Roboto-Bold.ttf</filename>
			<size>17</size>
		</font>
		<font>
			<name>font13_title</name>
			<filename>Roboto-Bold.ttf</filename>
			<size>20</size>
		</font>
		<font>
			<name>font24_title</name>
			<filename>Roboto-Bold.ttf</filename>
			<size>22</size>
		</font>
		<font>
			<name>font28_title</name>
			<filename>Roboto-Bold.ttf</filename>
			<size>28</size>
		</font>
		<font>
			<name>font30_title</name>
			<filename>Roboto-Bold.ttf</filename>
			<size>30</size>
		</font>
		<font>
			<name>font35_title</name>
			<filename>Roboto-Bold.ttf</filename>
			<size>35</size>
		</font>
		<font>
			<name>font_MainMenu</name>
			<filename>Roboto-Bold.ttf</filename>
			<size>40</size>
		</font>
		<font>
			<name>WeatherTemp</name>
			<filename>Roboto-Bold.ttf</filename>
			<size>80</size>
		</font>
		
		
		
		
		
		<font>
			<name>Light20</name>
			<filename>Roboto-Light.ttf</filename>
			<size>20</size>
		</font>
		<font>
			<name>Medium30</name>
			<filename>Roboto-Medium.ttf</filename>
			<size>30</size>
		</font>
		
		
		
		
		
		
	</fontset>
</fonts>
