<?xml version="1.0" encoding="UTF-8" standalone="yes"?>
<addon id="plugin.audio.rockradio" name="Rock Radio" version="1.0.1" provider-name="NVTTeam">
    <requires>
        <import addon="xbmc.python" version="2.20.0" />
    </requires>
    <extension point="xbmc.python.pluginsource" library="default.py">
        <provides>audio</provides>
    </extension>
    <extension point="xbmc.addon.metadata">
    	<source>http://www.rockradio.si/</source>
        <summary lang="en">Rock Radio Slovenia</summary>
        <license>GNU General Public License, v3</license>
        <description lang="en">Best Hits From Rock Radio</description>
        <platform>all</platform>
        <language>en</language>
    </extension>
</addon>
