<?xml version="1.0" encoding="UTF-8"?>
<!-- Foundation -->
<window id="120">
    <include condition="!Player.PauseEnabled">OSDFocusStop</include>
    <include condition="Player.PauseEnabled">OSDFocusPause</include>
    <zorder>2</zorder>
    <controls>

        <control type="group">
            <height>74</height>
            <bottom>0</bottom>
            <animation type="WindowOpen">
                <effect type="fade" start="0" end="100" time="150" delay="150"/>
            </animation>
            <animation type="WindowClose">
                <effect type="fade" end="0" start="100" time="150"/>
            </animation>
            <animation type="Visible">
                <effect type="fade" start="0" end="100" time="150" delay="150"/>
            </animation>
            <animation type="Hidden">
                <effect type="fade" end="0" start="100" time="150"/>
            </animation>
            
            <control type="grouplist" id="100">
                <top>13</top>
                <left>50</left>
                <height>48</height>
                <itemgap>0</itemgap>
                <orientation>horizontal</orientation>
                <align>left</align>
                <onleft>6</onleft>
                <onright condition="!Player.CanRecord | !VideoPlayer.Content(LiveTV)">12</onright>
                <onright condition="Player.CanRecord + VideoPlayer.Content(LiveTV)">9003</onright>
                <onup>noop</onup>
                <ondown>noop</ondown>
                <usecontrolcoords>true</usecontrolcoords>
        
                

                <control type="button" id="1">
                    <description>Repeat</description>
                    <align>left</align>
                    <label>$LOCALIZE[486]$INFO[Playlist.Repeat, : ]</label>
                    <onclick>XBMC.PlayerControl(Repeat)</onclick>
                    <include>DefOSDButtons</include>
                </control>

                <control type="button" id="2">
                    <description>Lyrics</description>
                    <align>left</align>
                    <label>24013</label>
                    <onclick>RunScript(script.cu.lrclyrics)</onclick>
                    <include>DefOSDButtons</include>
                </control>
                
                <control type="button" id="3">
                    <description>Playlist</description>
                    <align>left</align>
                    <label>559</label>
                    <onclick>ActivateWindow(MusicPlaylist)</onclick>
                    <include>DefOSDButtons</include>
                </control>
            </control>
            <control type="grouplist" id="101">
            
                <top>13</top>
                <width>100%</width>
                <height>48</height>
                <itemgap>16</itemgap>
                <orientation>horizontal</orientation>
                <align>center</align>
                <onleft>3</onleft>
                <onright>500</onright>
                <ondown>noop</ondown>
                
                <include condition="!Skin.HasSetting(osd.usetheme)">OSDVideoControls</include>
                <include condition="Skin.HasSetting(osd.usetheme)">OSDVideoControlsFlip</include>
            
            </control>
            
            <control type="grouplist" id="102">
                <top>13</top>
                <right>50</right>
                <height>48</height>
                <itemgap>0</itemgap>
                <orientation>horizontal</orientation>
                <align>right</align>
                <onleft>17</onleft>
                <onright>1</onright>
                <onup>noop</onup>
                <ondown>noop</ondown>
                <usecontrolcoords>true</usecontrolcoords>
        
                <control type="button" id="500">
                    <description>Vis</description>
                    <label>250</label>
                    <align>right</align>
                    <include>DefOSDButtons</include>
                    <disabledcolor>PanelWhite12</disabledcolor>
                </control>

                <control type="button" id="5">
                    <width>150</width>
                    <description>Presets</description>
                    <label>13388</label>
                    <align>right</align>
                    <onclick>ActivateWindow(122)</onclick>
                    <include>DefOSDButtons</include>
                    <disabledcolor>PanelWhite12</disabledcolor>
                </control>

                <control type="button" id="6">
                    <width>270</width>
                    <align>right</align>
                    <description>Random</description>
                    <include>DefOSDButtons</include>
                    <label>$LOCALIZE[590]$INFO[Playlist.Random, : ]</label>
                    <onclick>XBMC.PlayerControl(Random)</onclick>
                </control>
            </control>
        </control>
        
    
    </controls>

</window>
