<?xml version="1.0" encoding="UTF-8"?>
<!-- Foundation -->
<window id="130">
    <defaultcontrol always="true">5</defaultcontrol>
    <allowoverlay>yes</allowoverlay>

    <controls>

        <include>GlobalOverlay</include>

        <control type="group">
            <width>900</width>
            <posy>210</posy>
            <height>688</height>
            <include>DefDialogInfoPanel</include>
            
            <control type="label" id="2">
                <description>Header Label</description>
                <centerleft>50%</centerleft>
                <width>870</width>
                <align>center</align>
                <posy>15</posy>
                <font>MediumBold</font>
            </control>
            <control type="image" id="101">
                <top>15</top>
                <left>15</left>
                <width>100</width>
                <height>100</height>
            </control>
            <control type="grouplist" id="5">
                <description>Control Area</description>
                <left>15</left>
                <right>15</right>
                <top>140</top>
                <height>420</height>
                <itemgap>0</itemgap>
                <onleft>5</onleft>
                <onright>5</onright>
                <onup>28</onup>
                <ondown>28</ondown>
                <orientation>vertical</orientation>
            </control>
            <control type="label" id="103">
                <description>Header Label</description>
                <centerleft>50%</centerleft>
                <width>870</width>
                <align>center</align>
                <posy>60</posy>
                <font>Tiny</font>
            </control>
            <control type="button" id="28">
                <description>Ok</description>
                <posx>150</posx>
                <bottom>30</bottom>
                <width>270</width>
                <label>12321</label>
                <onleft>29</onleft>
                <onright>29</onright>
                <onup>5</onup>
                <ondown>5</ondown>
                <font>Button</font>
                <texturefocus colordiffuse="Highlight" border="5">common/box.png</texturefocus>
                <texturenofocus colordiffuse="Black12" border="5">common/box.png</texturenofocus>
            </control>
            <control type="button" id="29">
                <description>Cancel</description>
                <posx>480</posx>
                <bottom>30</bottom>
                <width>270</width>
                <label>222</label>
                <onleft>28</onleft>
                <onright>28</onright>
                <onup>5</onup>
                <ondown>5</ondown>
                <font>Button</font>
                <texturefocus colordiffuse="Highlight" border="5">common/box.png</texturefocus>
                <texturenofocus colordiffuse="Black12" border="5">common/box.png</texturenofocus>
            </control>

        </control>
        
        
        <!-- Defaults -->
        <control type="button" id="7">
            <width>870</width>
            <description>Default Button</description>
            <align>left</align>
            <height>70</height>
            <texturefocus colordiffuse="Highlight" border="5">common/box.png</texturefocus>
        </control>

        <control type="radiobutton" id="8">
            <width>870</width>
            <description>Default Radio Button</description>
            <align>left</align>
            <height>70</height>
            <radioposx>807</radioposx>
            <texturefocus colordiffuse="Highlight" border="5">common/box.png</texturefocus>
        </control>

        <control type="spincontrolex" id="9">
            <width>870</width>
            <description>Default Spin Control</description>
            <align>left</align>
            <height>70</height>
            <texturefocus colordiffuse="Highlight" border="5">common/box.png</texturefocus>
        </control>

    </controls>

</window>
