<?xml version="1.0" encoding="UTF-8"?>
<!-- Foundation -->
<window id="2003">
    <defaultcontrol always="true">9000</defaultcontrol>
    <allowoverlay>no</allowoverlay>
    <zorder>2</zorder>
    <controls>
        
        <control type="group">
            <include>GlobalOverlay</include>
            
            <control type="group">
                <include>DefDialogInfoPanel</include>

                <control type="label">
                    <description>Header Label</description>
                    <include>DefDialogInfoHeader</include>
                    <label>$INFO[Window.Property(actor.title)]</label>
                </control>
                <control type="image">
                    <posx>30</posx>
                    <top>100</top>
                    <width>450</width>
                    <height>629</height>
                    <aspectratio scalediffuse="false">scale</aspectratio>
                    <texture diffuse="diffuse/infocast.png">$INFO[Window.Property(actor.thumb)]</texture>
                </control>
                
                <control type="grouplist">
                    <left>510</left>
                    <right>30</right>
                    <posy>112</posy>
                    <orientation>vertical</orientation>
                    <usecontrolcoords>true</usecontrolcoords>
                    
                    <!-- Also Known As -->
                    <control type="label">
                        <width>100%</width>
                        <height>25</height>
                        <font>SmallBold</font>
                        <label>$ADDON[script.extendedinfo 32016]</label>
                        <aligny>center</aligny>
                    </control>
                    <control type="label">
                        <width>65%</width>
                        <height>60</height>
                        <font>Tiny</font>
                        <aligny>top</aligny>
                        <label fallback="19055">$INFO[Window.Property(actor.AlsoKnownAs)]</label>
                    </control>

                    <!-- Birthday -->
                    <control type="label">
                        <posy>-95</posy>
                        <width>100%</width>
                        <height>25</height>
                        <align>right</align>
                        <font>SmallBold</font>
                        <label>$ADDON[script.extendedinfo 32012]</label>
                        <aligny>center</aligny>
                    </control>
                    <control type="label">
                        <right>0</right>
                        <width>35%</width>
                        <height>60</height>
                        <font>Tiny</font>
                        <align>right</align>
                        <aligny>top</aligny>
                        <label fallback="19055">$INFO[Window.Property(actor.Birthday)]</label>
                    </control>
                    
                    <!-- Place of Birth -->
                    <control type="label">
                        <width>100%</width>
                        <height>25</height>
                        <font>SmallBold</font>
                        <label>$ADDON[script.extendedinfo 32014]</label>
                        <aligny>center</aligny>
                    </control>
                    <control type="label">
                        <width>65%</width>
                        <height>60</height>
                        <font>Tiny</font>
                        <aligny>top</aligny>
                        <label fallback="19055">$INFO[Window.Property(actor.PlaceOfBirth)]</label>
                    </control>
                    
                    
                    <!-- Died -->
                    <control type="label">
                        <posy>-95</posy>
                        <width>100%</width>
                        <height>25</height>
                        <align>right</align>
                        <font>SmallBold</font>
                        <label>$ADDON[script.extendedinfo 32013]</label>
                        <aligny>center</aligny>
                        <visible>!IsEmpty(Window.Property(actor.Deathday))</visible>
                    </control>
                    <control type="label">
                        <right>0</right>
                        <width>35%</width>
                        <height>60</height>
                        <font>Tiny</font>
                        <align>right</align>
                        <aligny>top</aligny>
                        <label fallback="19055">$INFO[Window.Property(actor.Deathday)]</label>
                        <visible>!IsEmpty(Window.Property(actor.Deathday))</visible>
                    </control>
                    
                    <!-- Plot -->
                    <control type="label">
                        <width>100%</width>
                        <height>25</height>
                        <font>SmallBold</font>
                        <label>21887</label>
                        <aligny>center</aligny>
                    </control>
                    <control type="textbox">
                        <width>100%</width>
                        <height>128</height>
                        <font>Tiny</font>
                        <align>justify</align>
                        <label>$INFO[Window.Property(actor.Biography)]</label>
                    </control>
                    
                    <control type="image" description="Spacer">
                        <height>10</height>
                    </control>
                    
                    <!-- Movie Names -->
                    <control type="label">
                        <width>100%</width>
                        <height>25</height>
                        <font>SmallBold</font>
                        <label>20342</label>
                        <aligny>center</aligny>
                        <visible>!Control.HasFocus(150)</visible>
                        <visible>Control.IsVisible(150)</visible>
                    </control>
                    <control type="label">
                        <width>100%</width>
                        <height>25</height>
                        <font>SmallBold</font>
                        <label>$LOCALIZE[20342] - $INFO[Container(150).ListItem.Label]$INFO[Container(150).ListItem.Year, (,)]</label>
                        <aligny>center</aligny>
                        <visible>Control.HasFocus(150)</visible>
                        <visible>Control.IsVisible(150)</visible>
                    </control>
                    <!-- Show Names -->
                    <control type="label">
                        <width>100%</width>
                        <height>25</height>
                        <font>SmallBold</font>
                        <label>20343</label>
                        <aligny>center</aligny>
                        <visible>!Control.HasFocus(250)</visible>
                        <visible>Control.IsVisible(250)</visible>
                    </control>
                    <control type="label">
                        <width>100%</width>
                        <height>25</height>
                        <font>SmallBold</font>
                        <label>$LOCALIZE[20343] - $INFO[Container(250).ListItem.Label]$INFO[Container(250).ListItem.Year, (,)]</label>
                        <aligny>center</aligny>
                        <visible>Control.HasFocus(250)</visible>
                        <visible>Control.IsVisible(250)</visible>
                    </control>
                    <!-- As Crew Names -->
                    <control type="label">
                        <width>100%</width>
                        <height>25</height>
                        <font>SmallBold</font>
                        <label>$ADDON[script.extendedinfo 32115]</label>
                        <aligny>center</aligny>
                        <visible>!Control.HasFocus(550)</visible>
                        <visible>Control.IsVisible(550)</visible>
                    </control>
                    <control type="label">
                        <width>100%</width>
                        <height>25</height>
                        <font>SmallBold</font>
                        <label>$ADDON[script.extendedinfo 32115] - $INFO[Container(550).ListItem.Label]$INFO[Container(550).ListItem.Year, (,)]</label>
                        <aligny>center</aligny>
                        <visible>Control.HasFocus(550)</visible>
                        <visible>Control.IsVisible(550)</visible>
                    </control>
                </control>
                
                <control type="list" id="350"><visible>false</visible></control>
                <control type="list" id="450"><visible>false</visible></control>
                <control type="list" id="650"><visible>false</visible></control>
                <control type="list" id="750"><visible>false</visible></control>


                <control type="button" id ="9000">
                    <description>Switch Movies/Shows</description>
                    <label>$LOCALIZE[20342] / $LOCALIZE[20343] / $ADDON[script.extendedinfo 32115]</label>
                    <left>30</left>
                    <width>450</width>
                    <height>68</height>
                    <bottom>30</bottom>
                    <onup>9000</onup>
                    <ondown>9000</ondown>
                    <onright condition="IsEmpty(Window.Property(Switcher))">150</onright>
                    <onright condition="stringcompare(Window.Property(Switcher),1)">250</onright>
                    <onright condition="stringcompare(Window.Property(Switcher),2)">550</onright>
                    <onclick condition="IsEmpty(Window.Property(Switcher))">SetProperty(Switcher,1)</onclick>
                    <onclick condition="stringcompare(Window.Property(Switcher),1)">SetProperty(Switcher,2)</onclick>
                    <onclick condition="stringcompare(Window.Property(Switcher),2)">ClearProperty(Switcher)</onclick>
                    <texturenofocus colordiffuse="Black12" border="5">common/box.png</texturenofocus>
                    <texturefocus colordiffuse="Highlight" border="5">common/box.png</texturefocus>
                    <include>DefDialogButtons</include>
                </control>

                <control type="list" id="150" description="Known Movies">
                    <width>792</width>
                    <right>20</right>
                    <bottom>30</bottom>
                    <height>282</height>
                    <onup>9000</onup>
                    <ondown>9000</ondown>
                    <onleft>9000</onleft>
                    <orientation>horizontal</orientation>
                    <visible>IsEmpty(Window.Property(Switcher))</visible>
                    <scrolltime>200</scrolltime>

                    <itemlayout height="282" width="198">
                        <control type="image">
                            <left>0</left>
                            <right>10</right>
                            <top>0</top>
                            <bottom>0</bottom>
                            <texture border="5" colordiffuse="Black12">common/box.png</texture>
                        </control>
                        <control type="image">
                            <left>8</left>
                            <right>18</right>
                            <top>8</top>
                            <bottom>8</bottom>
                            <texture diffuse="diffuse/wall.png">$INFO[ListItem.Thumb]</texture>
                        </control>
                
                    </itemlayout>

                    <focusedlayout height="282" width="198">
                        <control type="image">
                            <left>0</left>
                            <right>10</right>
                            <top>0</top>
                            <bottom>0</bottom>
                            <texture border="5" colordiffuse="Black12">common/box.png</texture>
                            <visible>!Control.HasFocus(150)</visible>
                        </control>
                        <control type="image">
                            <left>0</left>
                            <right>10</right>
                            <top>0</top>
                            <bottom>0</bottom>
                            <texture border="5" colordiffuse="Highlight">common/box.png</texture>
                            <visible>Control.HasFocus(150)</visible>
                        </control>
                        <control type="image">
                            <left>8</left>
                            <right>18</right>
                            <top>8</top>
                            <bottom>8</bottom>
                            <texture diffuse="diffuse/wall.png">$INFO[ListItem.Thumb]</texture>
                        </control>
                    </focusedlayout>

                </control>
                
                <control type="list" id="250" description="Known Shows">
                    <width>792</width>
                    <right>20</right>
                    <bottom>30</bottom>
                    <height>282</height>
                    <onup>9000</onup>
                    <ondown>9000</ondown>
                    <onleft>9000</onleft>
                    <orientation>horizontal</orientation>
                    <visible>stringcompare(Window.Property(Switcher),1)</visible>
                    <scrolltime>200</scrolltime>

                    <itemlayout height="282" width="198">
                        <control type="image">
                            <left>0</left>
                            <right>10</right>
                            <top>0</top>
                            <bottom>0</bottom>
                            <texture border="5" colordiffuse="Black12">common/box.png</texture>
                        </control>
                        <control type="image">
                            <left>8</left>
                            <right>18</right>
                            <top>8</top>
                            <bottom>8</bottom>
                            <texture diffuse="diffuse/wall.png">$INFO[ListItem.Thumb]</texture>
                        </control>
                
                    </itemlayout>

                    <focusedlayout height="282" width="198">
                        <control type="image">
                            <left>0</left>
                            <right>10</right>
                            <top>0</top>
                            <bottom>0</bottom>
                            <texture border="5" colordiffuse="Black12">common/box.png</texture>
                            <visible>!Control.HasFocus(250)</visible>
                        </control>
                        <control type="image">
                            <left>0</left>
                            <right>10</right>
                            <top>0</top>
                            <bottom>0</bottom>
                            <texture border="5" colordiffuse="Highlight">common/box.png</texture>
                            <visible>Control.HasFocus(250)</visible>
                        </control>
                        <control type="image">
                            <left>8</left>
                            <right>18</right>
                            <top>8</top>
                            <bottom>8</bottom>
                            <texture diffuse="diffuse/wall.png">$INFO[ListItem.Thumb]</texture>
                        </control>
                    </focusedlayout>

                </control>
                
                <control type="list" id="550" description="As Crew">
                    <width>792</width>
                    <right>20</right>
                    <bottom>30</bottom>
                    <height>282</height>
                    <onup>9000</onup>
                    <ondown>9000</ondown>
                    <onleft>9000</onleft>
                    <orientation>horizontal</orientation>
                    <visible>stringcompare(Window.Property(Switcher),2)</visible>
                    <scrolltime>200</scrolltime>

                    <itemlayout height="282" width="198">
                        <control type="image">
                            <left>0</left>
                            <right>10</right>
                            <top>0</top>
                            <bottom>0</bottom>
                            <texture border="5" colordiffuse="Black12">common/box.png</texture>
                        </control>
                        <control type="image">
                            <left>8</left>
                            <right>18</right>
                            <top>8</top>
                            <bottom>8</bottom>
                            <texture diffuse="diffuse/wall.png">$INFO[ListItem.Thumb]</texture>
                        </control>
                
                    </itemlayout>

                    <focusedlayout height="282" width="198">
                        <control type="image">
                            <left>0</left>
                            <right>10</right>
                            <top>0</top>
                            <bottom>0</bottom>
                            <texture border="5" colordiffuse="Black12">common/box.png</texture>
                            <visible>!Control.HasFocus(550)</visible>
                        </control>
                        <control type="image">
                            <left>0</left>
                            <right>10</right>
                            <top>0</top>
                            <bottom>0</bottom>
                            <texture border="5" colordiffuse="Highlight">common/box.png</texture>
                            <visible>Control.HasFocus(550)</visible>
                        </control>
                        <control type="image">
                            <left>8</left>
                            <right>18</right>
                            <top>8</top>
                            <bottom>8</bottom>
                            <texture diffuse="diffuse/wall.png">$INFO[ListItem.Thumb]</texture>
                        </control>
                    </focusedlayout>

                </control>
                
            </control>
        </control>
    </controls>

</window>
