<?xml version="1.0" encoding="UTF-8"?>
<addon
    id="skin.arctic.polar"
    version="1.0.1"
    name="Arctic: Polar"
    provider-name="NVTTeam">
    <requires>
        <import addon="xbmc.gui" version="5.3.0"/>
        <import addon="script.skinshortcuts" version="0.4.0"/>
        <import addon="service.library.data.provider" version="0.0.7"/>
    </requires>
    <extension
    point="xbmc.gui.skin"
    defaultthemename="Textures.xbt"
    debugging="false"
    effectslowdown="1">
        <res width="1920" height="1080" aspect="16:9" default="true" folder="1080i" />
    </extension>
    <extension point="xbmc.addon.metadata">
        <summary lang="si">Čista, minimala, eleganta, preprosta, lahka.</summary>
        <summary lang="en">Clean, minimal, elegant, simple, light.</summary>
        <description lang="si">Arctic: Polar je prva verzija Arctic Preobleke ki je narejena z NVTTeam-om.</description>
        <description lang="en">Arctic: Polar is the first iteration of the Arctic skin created by NVTTeam.</description>
        <platform>all</platform>
    </extension>
</addon>
