<?xml version="1.0" encoding="UTF-8" standalone="yes"?>
<addon id="plugin.audio.maximafm" name="Maxima FM" version="1.0.0" provider-name="NVTTeam">
    <requires>
        <import addon="xbmc.python" version="2.20.0" />
    </requires>
    <extension point="xbmc.python.pluginsource" library="default.py">
        <provides>audio</provides>
    </extension>
    <extension point="xbmc.addon.metadata">
    	<source>http://www.maxima.fm/</source>
        <summary lang="en">Maxima FM - #1 Hit Music Station</summary>
        <license>GNU General Public License, v3</license>
        <description lang="en">Best Dance Hits From MaximaFM radio</description>
        <platform>all</platform>
        <language>en</language>
    </extension>
</addon>
