<?xml version="1.0" encoding="UTF-8"?>
<addon
  id="skin.aeon.nox.nvtteam"
  version="7.0.0-3.0.8"
  name="Aeon Nox 5: NVT"
  provider-name="NVT">
	<requires>
		<import addon="xbmc.gui" version="5.10.0"/>
		<import addon="script.grab.fanart" version="0.12.8"/>
		<import addon="script.skinshortcuts" version="1.0.7"/>
		<import addon="service.library.data.provider" version="0.0.7"/>
		<import addon="resource.images.studios.white" version="0.0.1"/>
		<import addon="resource.images.recordlabels.white" version="0.0.1"/>
	</requires>
	<extension
	  point="xbmc.gui.skin"
	  debugging="false"
	  effectslowdown="0.75">
		<res width="1920" height="1080" aspect="16:9" default="true" folder="1080i" />
	</extension>
	<extension point="xbmc.addon.metadata">
		<summary lang="de_DE">Created by BigNoid, Modded by NVT, and Widgets by Mr. V</summary>
		<summary lang="el_GR">Created by BigNoid, Modded by NVT, and Widgets by Mr. V</summary>
		<summary lang="en_AU">Created by BigNoid, Modded by NVT, and Widgets by Mr. V</summary>
		<summary lang="en_GB">Created by BigNoid, Modded by NVT, and Widgets by Mr. V</summary>
		<summary lang="en_NZ">Created by BigNoid, Modded by NVT, and Widgets by Mr. V</summary>
		<summary lang="en_US">Created by BigNoid, Modded by NVT, and Widgets by Mr. V</summary>
		<summary lang="es_ES">Creada por BigNoid, Modificada por NVT, y Widgets por Mr. V</summary>
		<summary lang="fi_FI">Created by BigNoid, Modded by NVT, and Widgets by Mr. V</summary>
		<summary lang="fr_CA">Created by BigNoid, Modded by NVT, and Widgets by Mr. V</summary>
		<summary lang="fr_FR">Crée par BigNoid, Moddé par NVT, avec les Widgets de Mr. V</summary>
		<summary lang="gl_ES">Created by BigNoid, Modded by NVT, and Widgets by Mr. V</summary>
		<summary lang="he_IL">Created by BigNoid, Modded by NVT, and Widgets by Mr. V</summary>
		<summary lang="hu_HU">Created by BigNoid, Modded by NVT, and Widgets by Mr. V</summary>
		<summary lang="is_IS">Created by BigNoid, Modded by NVT, and Widgets by Mr. V</summary>
		<summary lang="it_IT">Created by BigNoid, Modded by NVT, and Widgets by Mr. V</summary>
		<summary lang="ko_KR">Created by BigNoid, Modded by NVT, and Widgets by Mr. V</summary>
		<summary lang="lt_LT">Sukūrė BigNoid, modifikavo NVT bei valdiklius pridėjo Mr. V</summary>
		<summary lang="ms_MY">Created by BigNoid, Modded by NVT, and Widgets by Mr. V</summary>
		<summary lang="nb_NO">Created by BigNoid, Modded by NVT, and Widgets by Mr. V</summary>
		<summary lang="nl_NL">Ontwikkeld door BigNoid, aangepast door NVT, en Widgets door Mr. V</summary>
		<summary lang="pl_PL">Created by BigNoid, Modded by NVT, and Widgets by Mr. V</summary>
		<summary lang="pt_BR">Created by BigNoid, Modded by NVT, and Widgets by Mr. V</summary>
		<summary lang="pt_PT">Criado por BigNoid, Modded por NVT, e Widgets por Mr. V</summary>
		<summary lang="ro_RO">Created by BigNoid, Modded by NVT, and Widgets by Mr. V</summary>
		<summary lang="ru_RU">Created by BigNoid, Modded by NVT, and Widgets by Mr. V</summary>
		<summary lang="sk_SK">Created by BigNoid, Modded by NVT, and Widgets by Mr. V</summary>
		<summary lang="sv_SE">Created by BigNoid, Modded by NVT, and Widgets by Mr. V</summary>
		<summary lang="th_TH">Created by BigNoid, Modded by NVT, and Widgets by Mr. V</summary>
		<summary lang="vi_VN">Created by BigNoid, Modded by NVT, and Widgets by Mr. V - Sự trở về</summary>
		<summary lang="zh_CN">Created by BigNoid, Modded by NVT, and Widgets by Mr. V</summary>
		<description lang="de_DE">Komplett neu designed für ein modernes Aussehen und das klassische Aeon-Feeling beizubehalten.</description>
		<description lang="el_GR">Πλήρως επανασχεδιασμένο για να προσφέρει μια μοντέρνα αισθητική, διατηρώντας ταυτόχρονα την κλασική ομορφιά του Aeon.</description>
		<description lang="en_AU">Completely redesigned to create a modern look, while retaining the classic Aeon feel.</description>
		<description lang="en_GB">Completely redesigned to create a modern look, while retaining the classic Aeon feel.</description>
		<description lang="en_NZ">Completely redesigned to create a modern look, while retaining the classic Aeon feel.</description>
		<description lang="en_US">Completely redesigned to create a modern look, while retaining the classic Aeon feel.</description>
		<description lang="es_ES">Completamente rediseñado para crear un aspecto moderno, pero conservando el toque clásico Aeon.</description>
		<description lang="fi_FI">Täysin uudelleensuunniteltu moderni ulkoasu, kuitenkin tuntuen klassiselta Aeon:lta.</description>
		<description lang="fr_CA">complètement remanié pour créer une apparence moderne, tout en conservant l'esprit classique d'Aeon.</description>
		<description lang="fr_FR">Totalement revu pour créer un look moderne, en gardant l'expérience Aeon.</description>
		<description lang="he_IL">עיצוב חדש היוצר מראה מודרני אך משמר את ההרגשה של Aeon הקלאסי.</description>
		<description lang="hr_HR">Potpuno preoblikovan moderan izgled, uz zadržani klasični Aeon osjećaj.</description>
		<description lang="hu_HU">Teljesen áttervezett modern kinézet, de megtartva a klasszikus Aeon érzetet.</description>
		<description lang="is_IS">Endurhannað nútímalegt útlit í anda Aeon.</description>
		<description lang="it_IT">Completamente ridisegnato per creare un look moderno, mantenendo la consueta qualità Aeon.</description>
		<description lang="ko_KR">고전적인 Aeon 느낌을 유지하면서 현대적인 모습으로 완전히 다시 디자인하여 만들었습니다.</description>
		<description lang="lt_LT">Pilnai atnaujinta, kad sukurtų modernią išvaizdą, išlaikant klasikinio Aeon pojūtį.</description>
		<description lang="ms_MY">Direka semula sepenuhnya untuk hasilkan penampilan modern, tetapi masih mengekalkan penampilan Aeon klasik.</description>
		<description lang="nb_NO">Helt redesignet for å gi deg en moderne utforming, samtidig som man beholder den klassiske Aeon følelsen.</description>
		<description lang="nl_NL">Volledig opnieuw ontworpen om een ​​moderne look te creëren, met behoud van het klassieke Aeon gevoel.</description>
		<description lang="pl_PL">Całkowicie przeprojektowana skóra Aeon, o nowoczesnym wyglądzie, zachowując klasyczny układ skóry Aeon.</description>
		<description lang="pt_BR">Design completamente novo para criar um look moderno, mantendo o feeling do Aeon Clássico.</description>
		<description lang="pt_PT">Completamente redesenhado para criar um visual moderno enquanto retém o toque clássico Aeon.</description>
		<description lang="ru_RU">полностью переделенная, модернизированная классическая обложка Aeon.</description>
		<description lang="sk_SK">Kompletne prepracovaný dizajn s moderným vzhľadom pri zachovaní klasického štýlu Aeon.</description>
		<description lang="sv_SE">Totalt omarbetad för att skapa ett modernt utseende, samtidigt som man behåller den klassiska Aeon-känslan.</description>
		<description lang="th_TH">การออกแบบใหม่หมดจด เพื่อสร้างรูปลักษณ์ทันสมัย, ​​ขณะที่ยังคงความรู้สึกคลาสสิคของ Aeon.</description>
		<description lang="vi_VN">Thiết kế lại hoàn toàn để tạo nên một phong cách hiện đại, trong khi đó vẫn duy trì một cảm giác Aeon cổ điển.</description>
		<platform>all</platform>
		<forum></forum>
	</extension>
</addon>
