<?xml version="1.0" encoding="UTF-8" standalone="yes"?>
<addon id="plugin.audio.radiotop" name="Radio Top" version="1.0.0" provider-name="NVTTeam">
    <requires>
        <import addon="xbmc.python" version="2.20.0" />
    </requires>
    <extension point="xbmc.python.pluginsource" library="default.py">
        <provides>audio</provides>
    </extension>
    <extension point="xbmc.addon.metadata">
    	<source>http://www.radiotop.fm</source>
        <summary lang="en">Radio Top Slovenia</summary>
        <license>GNU General Public License, v3</license>
        <description lang="en">Best Dance Hits From Radio Top Maribor</description>
        <platform>all</platform>
        <language>en</language>
    </extension>
</addon>
