<?xml version="1.0" encoding="UTF-8" standalone="yes"?>
<addon id="plugin.video.pornbeeg" name="Porn beeg" version="1.0.1" provider-name="NVTTeam">
  <requires>
    <import addon="xbmc.python" version="2.1.0"/>
    <import addon="script.module.t0mm0.common" version="1.1.0"/>
    <import addon="script.module.beautifulsoup"/>
  </requires>
  <extension point="xbmc.python.pluginsource" library="default.py">
        <provides>video</provides>
  </extension>
  <extension point="xbmc.addon.metadata">
    <summary lang="en">Full Length Adult HD Content from Beeg.com</summary>
    <description lang="en">Full Length Adult HD Content from Beeg.com</description>
    <disclaimer>Adults Only! 18+</disclaimer>
    <platform>all</platform>
                <forum></forum>
                <website>http://beeg.com/</website>
  </extension>
</addon>
