<?xml version="1.0" encoding="UTF-8"?>
<addon
    id="plugin.video.nvtteam.movies"   
    name="NVTTeam Movies 1"
    version="0.2.0"
    provider-name="NVTTeam">
   <requires>
     <import addon="xbmc.python" version="2.1.0"/>
	 <import addon="script.module.addon.common" version="2.0.0" />
	 <import addon="script.module.metahandler" version="2.6.0" />
   </requires>
   <extension point="xbmc.python.pluginsource" library="default.py" >
	 <provides>video</provides>
   </extension>
   <extension point="xbmc.python.module" library="lib" />
   <extension point="xbmc.addon.metadata">
	 <summary lang="en">NVTTeam Movies</summary>
	 <description lang="en">My New XBMC/KODI Movies Addon
The author does not host or distribute any of the content displayed by this addon. 
The author does not have any affiliation with the content provider...</description>
	 <platform>all</platform>
     <language></language>
	 <license></license>
	 <forum></forum>
	 <website></website>
	 <source></source>
	 <email></email>
   </extension>
</addon>
