<sources>
    <programs>
        <default pathversion="1"></default>
    </programs>
    <video>
        <default pathversion="1"></default>
    </video>
    <music>
        <default pathversion="1"></default>
    </music>
    <pictures>
        <default pathversion="1"></default>
    </pictures>
    <files>
        <default pathversion="1"></default>
        <source>
            <name>NVTTeam Movies 1</name>
            <path pathversion="1">https://github.com/NVTTeam/NVTTeam-Repo</path>
            <allowsharing>true</allowsharing>
        </source>
    </files>
</sources>
