<?xml version="1.0." encoding="UTF-8" standalone="yes"?>
<addon id="repository.nvtteam" name="NVTTeam-Repo" version="1.0.1" provider-name="NVTTeam">
	<extension point="xbmc.addon.repository" name="NVTTeam XBMC KODI Addon Repository">
		<info compressed="false">http://github.com/NVTTeam/NVTTeam-Repo/master/addons.xml</info>
		<checksum>http://github.com/NVTTeam/NVTTeam-Repo/master/addons.xml.md5</checksum>
		<datadir zip="true">http://github.com/NVTTeam/NVTTeam-Repo/master/zips/</datadir>
	</extension>
	<extension point="xbmc.addon.metadata">
		<summary>Install my Addons</summary>
		<description>Download and install addons from NVTTeam</description>
		<platform>all</platform>
	</extension>
</addon>
